current_amps,voltage_v,power_kw,power_factor,thd_pct,consumption_kwh,frequency_hz,load_variance,label,risk_level
13.756627561626127,217.849084740859,2.867942289422931,0.9254867788882877,4.270793603666153,5.160524760996699,50.00055731039844,0.04522114809821788,0,LOW
5.1351518044211355,217.65685474941762,5.718296817094872,0.9590181517554228,3.115302258265295,5.037993665393096,50.07742426175286,0.06877951036613777,0,LOW
13.933631855632111,215.83029205536732,3.168651415939368,0.9378992611803849,3.905998491887325,4.229073634987016,50.03056099011775,0.0653497827089958,0,LOW
13.07329270533722,223.08554303843889,4.080899384697209,0.9165378791443886,1.8906607883259854,4.616622293041021,49.90729762125962,0.045989480933460086,0,LOW
15.799833651881789,214.49120353314206,3.3116126423430865,0.93888065309658,2.351154428993859,3.2909243098777248,49.885989682601036,0.02289112704467484,0,LOW
17.118963973010715,221.10974758219837,2.54828259023109,0.9742052312852014,2.879162436704365,5.091274444593801,50.03497900834071,0.025125365369941893,0,LOW
13.584388596546903,228.5035441561426,4.247211715131804,0.9657083186354434,4.33339256650944,4.53301203359533,50.03938722326005,0.04712875749335034,0,LOW
12.104585042137796,225.8421923554699,2.827646001409101,0.941620123714856,3.294501900423027,2.980517471222262,49.98731007666432,0.041207736721936575,0,LOW
11.6123279200575,213.91588538935474,3.2916897412021817,0.99,4.013560092858623,3.9507944980031775,49.93918322741167,0.0503805684000783,0,LOW
12.074581746629855,222.79852389767154,2.337104539383294,0.8993586226018722,2.6760699726126536,4.666002207463712,50.05299658018332,0.03322165887194761,0,LOW
29.14618088229522,193.39737643279415,9.302019324851717,0.7015661794952015,15.462998689072677,11.961670541447148,49.68240001525597,0.3191285369710193,1,HIGH
10.830325105821691,220.5270703071594,4.440790071177814,0.9144145447686379,4.25049006485375,2.1769581912883416,49.99714222805369,0.023508033960418586,0,LOW
13.288906519680916,219.68265238311508,1.8859815196333385,0.9296285876843996,2.5139796033181008,4.589227227123477,49.98909956269489,0.036511845858901056,0,LOW
13.605519625730224,216.4263347784921,3.557060816372371,0.9715381826737167,4.2931101858739,4.464620610469142,49.983476114876,0.025717335685454125,0,LOW
18.288190628133915,215.53781163517587,3.671838670836602,0.9322008195376008,3.602233037085565,4.538335316762308,49.94065833303938,0.04335609089184078,0,LOW
28.648029248926235,202.10455079518852,7.833273529176944,0.7269706822825246,18.393736519298848,7.272294709484568,49.54958666382164,0.27651879969171567,1,HIGH
10.106361977492432,226.21180108662057,4.301750344169694,0.8799185594593748,1.6802397800101188,5.631800016851727,49.94745091289468,0.09965446796199741,0,LOW
42.83792306594605,196.4247812615037,10.0,0.4676329388441534,45.75015674840553,17.586010622486217,49.32337133429812,0.46758885035377074,2,CRITICAL
14.960935464132042,220.8788636499611,3.4441395948062175,0.9674391579358178,2.7703528370460617,3.8138085860377036,49.991745400738225,0.01734478109083734,0,LOW
45.94436185598823,209.3314644413844,13.678541126209666,0.4243345831892056,38.58115489162095,13.523882776981093,48.96728976986597,0.5694298969244764,2,CRITICAL
7.782477849374773,209.92566700091112,3.7464677628954814,0.9627364161820003,1.1192907075654537,4.45026278100866,50.17408138042942,0.053378662554493306,0,LOW
8.417185452476009,216.24667968729275,3.0323053139970892,0.9036942112508731,2.54549231663154,3.2739924646011653,50.052352287503396,0.06115589660383024,0,LOW
16.306524969818398,217.71684996188856,3.2119523151178364,0.8924617512398364,0.5755275241409166,3.179037491878047,49.9522258030063,0.0800843695051253,0,LOW
41.57166525225095,210.0,10.0,0.65,18.0,15.62148346322443,49.47527188856781,0.34673439982166876,2,CRITICAL
39.21328966286872,180.30209529008945,14.0357800269237,0.4897163675708426,25.336906991151963,16.554760034215715,49.067692904557994,0.5226074681407193,2,CRITICAL
13.687206351471794,221.2408206227539,5.510329099822737,0.9181971804982104,3.1742123270791605,3.443301287427848,49.94305246384163,0.049134253025345145,0,LOW
13.485300369873505,219.9575642085169,3.791722520480448,0.8887460590509159,2.5414141502633956,4.606479699159175,50.05843574664249,0.00886008466586536,0,LOW
12.079692447721623,224.10325353362927,3.209256859470171,0.9076249025918498,2.082447084396991,3.78328423834901,50.10607448169886,0.03742821684579818,0,LOW
9.43628213826388,225.0441002224926,3.32287392402082,0.9339805939317907,2.7820282217205534,2.7686081383154435,50.04402455667768,0.02563019844195864,0,LOW
15.82201935929269,222.15557044994125,4.109628508642626,0.9342250877961258,3.6786699768057454,3.738281786965542,50.106437163698196,0.008784526843686344,0,LOW
10.441587176781745,220.50962429388883,3.7861850226493394,0.9830827153746355,3.415961460698641,5.213589004027535,50.22201835451642,0.05723460435078902,0,LOW
6.070761019681372,221.4473290724234,3.3046299450256167,0.9137089319507864,3.7093774005658138,4.236311728401262,49.947769761612285,0.07304507332952602,0,LOW
10.370409895309285,230.56342842233906,3.33743966313379,0.99,3.4195735339872333,5.545299753268489,50.08252250455534,0.07755380444741161,0,LOW
12.771071770319764,211.57862336821017,4.339851397153476,0.918940518837143,2.247504730926472,3.4238888108392307,50.03864414264562,0.04492066297612415,0,LOW
10.43891089040037,216.90526057568246,3.6725140541752994,0.9475787489850116,4.0854475473825165,5.409080839909916,49.94512136404069,0.01908514545754835,0,LOW
14.54084025256613,226.35858213757353,3.8761934924179933,0.9387174546123402,1.5931037782606456,4.255642125112001,50.07415373704222,0.05783104608107707,0,LOW
9.47084958045272,213.26709408304907,4.29971826951073,0.9012084469399225,3.271510702774848,3.712960261534129,50.02885485831366,0.06728395816487354,0,LOW
13.057596880061894,218.9345519528007,3.5626746195488175,0.9583600169978238,3.383199861448811,3.4872012062016147,49.89980128432064,0.03156016688085778,0,LOW
54.01267862175035,186.83121887161212,13.353201113662656,0.5158477459861099,32.42019729376272,14.471691182128826,49.41612511860555,0.4974669188641412,2,CRITICAL
55.984919609173154,210.0,10.0,0.5051219823555686,25.90418338988261,15.519145582848461,49.25316558342282,0.5784302666282892,2,CRITICAL
8.967477180630375,224.30108508149368,4.181122525607859,0.9279623363855299,0.5,3.926845271209726,50.1876011341091,0.07138251173769203,0,LOW
7.188653007435134,226.85671172692986,4.021185655027387,0.9086821167300086,3.227863340760609,4.685307275575875,50.07638183617501,0.0391983758892713,0,LOW
31.21558649329048,200.91283472709858,9.434388332448089,0.7915540898166122,25.06676336627274,8.186210574011746,49.57840658487103,0.23239322641213447,1,HIGH
10.474310967270503,223.56216510160098,3.405246682850117,0.8622658760444718,3.1217571536515236,3.8144688924210746,49.947233501668684,0.04939464716936084,0,LOW
11.982760240052194,223.41877614345233,3.428423722745159,0.9035476410904086,3.594031928960242,4.072760062131516,50.107111437992074,0.03381910930750758,0,LOW
8.733588947411718,231.6970970794833,4.0731522605114625,0.9879087721598486,2.901110931934259,4.093848057365915,50.14745081975973,0.08734607093973754,0,LOW
9.731939371188401,219.05532148227908,2.934409789546841,0.9086650065344922,4.764859436912154,3.3643842134105753,50.04122369842394,0.04600136731099007,0,LOW
53.093404947787576,190.34621918640056,12.27268139302902,0.65,47.61879962373136,14.419317976151307,49.63018686191914,0.6905408977948057,2,CRITICAL
9.163181560560053,218.62024474965813,4.366521613414285,0.9811821718609524,3.4208097815848735,4.09180610045019,49.88117989096053,0.017245421001627632,0,LOW
19.109254955406026,221.0977966334646,2.5354348912400333,0.9333876196795339,2.7953114381805433,5.747925820378141,50.08808242639481,0.07670395821743314,0,LOW
14.669833325085069,224.1917962141635,3.1890010971235285,0.9332020218001591,2.9445404978268916,5.04043712720909,50.10684543516057,0.05192574292663561,0,LOW
12.127131281765358,217.7308686234236,3.2106116593722627,0.9276069274948753,3.040731970196373,3.528581513644896,49.926265555198015,0.04437292717470915,0,LOW
13.01361375044129,215.36698481772817,4.343817896148714,0.99,3.716330110780437,4.449969624021158,50.13194045865126,0.07340140589692007,0,LOW
16.611759012605972,225.70627812417598,3.84675459315071,0.8849700804168035,5.78291995424356,3.590810583310986,50.057468824741406,0.04679397016692477,0,LOW
25.015295744498985,201.2119489996126,6.015811811194765,0.6880968973292928,17.655139466044893,8.590117022588958,49.62171479450487,0.22646973964371858,1,HIGH
41.961723936762716,192.18404231460866,13.722984533744574,0.5055929926906266,26.878867613821367,14.34275621190767,48.67688110614342,0.6401896309858633,2,CRITICAL
49.39105508700168,204.10569833930404,10.0,0.4472859050854251,27.6481211277729,13.274488096905618,49.057732106303476,0.5599956536159878,2,CRITICAL
9.68949701998617,219.89181351287056,4.244523246074861,0.9429692346180487,4.371573643995987,4.430270420469817,49.891381238306934,0.05147201075831611,0,LOW
42.322441668993484,193.02647308867802,11.110011133769497,0.4436865789555653,23.44100959780494,14.187486373736267,49.486727124436236,0.4692101127431774,2,CRITICAL
12.322968344358857,217.4663788707453,3.275876472432391,0.9084383352002087,1.893767836014818,3.6941702142961925,49.759658684404776,0.06516853143491619,0,LOW
12.21034509226234,219.34049143705724,3.793019333160185,0.8991383485107972,3.9698838376409475,3.458119740234497,50.024464890537935,0.0595285331972698,0,LOW
23.382056172970888,209.65931877751223,8.02352149815311,0.5626774494075059,13.193037676945355,10.174738245072291,49.286087817811826,0.23326156793551303,1,HIGH
14.015391063225726,218.89249421758416,4.369686715089044,0.9168568459043341,4.32637285738414,5.5251351263265,49.85414073994565,0.048183998862666916,0,LOW
11.576696620090113,220.51838442574888,3.648305401883606,0.9094906613066328,0.7718639346167229,5.425644313932949,50.10712266401143,0.05522716118664164,0,LOW
30.566457791262703,201.99683362258884,6.8834798475518655,0.6951525262839847,19.70488167109971,8.786345192196459,49.81049428449886,0.22972093070052566,1,HIGH
39.07824306550171,210.0,13.3489393921924,0.4772399850707549,30.0831003129921,15.118124612401306,49.03645087086975,0.3149147528069019,2,CRITICAL
13.270299319299921,215.4523219101855,3.4426097346932796,0.950134735009886,3.6817824749528607,1.994129947284562,49.970301525894385,0.0796402604785272,0,LOW
13.119473847693135,216.79902392941278,3.366262974155793,0.9416669441298591,3.230342642085367,2.6887672707484107,49.97399119750997,0.05012777277467065,0,LOW
10.75433505568593,222.5132255923289,2.6873424190192234,0.9593323177457073,2.2230155674939502,4.393841829413473,50.18456365073446,0.02874271052792486,0,LOW
11.836765024596124,217.6961590305991,3.3681084651774973,0.886737940524888,0.8157482496964565,4.744587523201366,49.954154889415484,0.028858850705533932,0,LOW
18.62163655865889,218.13130028197165,3.4630033520801,0.9572475577455232,1.9584999500238083,3.3073973955444966,50.13138455881645,0.07197393321960019,0,LOW
12.691306261098616,223.3162784166283,3.05314512078842,0.8974475622158093,1.9657576143108906,5.1159335944142645,50.08089464769443,0.07436833367152525,0,LOW
12.63774845563635,217.97948132088536,4.2439640637302105,0.9116929198245688,4.909867926902715,6.0623707848749735,49.95378206108481,0.06538674807114334,0,LOW
15.155788988833027,229.01719230879314,3.115816147187331,0.8966056937787867,3.9681375962294987,4.212740096841311,49.88115407631972,0.019981126379433868,0,LOW
11.405923977296508,215.49841909361615,3.358758351757447,0.958003081581523,3.755528152144604,5.639471563990754,50.1019427734107,0.032176705064834846,0,LOW
8.728856789694246,215.6027349010663,3.9088407903474836,0.9357734479272057,3.5199673410996946,2.4721809414920752,49.881136291156295,0.04824817828405462,0,LOW
10.013940151551985,217.12960113803942,3.9640902396548148,0.9344679117917357,2.3672928570233625,2.536097182315147,49.940989209175946,0.07265322480672083,0,LOW
13.121315744420192,223.82239572419164,3.007664529298459,0.8731613016079514,1.625300367103431,2.4052650524955608,50.07478218520469,0.09898519990705865,0,LOW
10.191316255333469,225.44865791389498,2.5299425302141723,0.9582078656006241,2.268030290652629,5.178339607891404,49.97748645107616,0.05937997281871073,0,LOW
31.84122067679811,204.98361640583806,8.264615846730896,0.6532296055478186,13.237158665165133,7.0,49.752357615144746,0.2227312519522565,1,HIGH
9.53802317743462,214.70777241830268,4.720464337929979,0.8896447098046981,2.5951676441975224,2.7252737260930395,50.053755836289675,0.03533323422235268,0,LOW
11.77944985312293,220.39128130232064,1.55195013299152,0.9492163057824802,4.315782928919483,4.946059970613386,50.14103082215317,0.0567802830321123,0,LOW
25.01723794926183,209.31358683400555,6.787294694007346,0.6661103786914081,16.032843546252288,9.861671775750192,49.670087517067586,0.16692683657228538,1,HIGH
13.293397852948655,223.17593410147256,3.469918652383867,0.897635709774372,2.6041698996475136,5.078570738105587,49.95008495394316,0.07173368101289798,0,LOW
35.874553748056684,203.40506668974956,11.673777141440597,0.5842753548008259,19.93044747289706,14.398141431634366,49.05571587309654,0.3069201069705441,2,CRITICAL
13.388325230765128,211.82440034382608,3.990433476529488,0.9542695317457083,3.983520676764603,2.4237739214688063,49.858092115587546,0.03518266907240286,0,LOW
8.125759042061713,225.51850405269874,4.210046781138143,0.8627197811980369,3.9887383589904863,4.338124517828218,50.05951933400236,0.04112722833731431,0,LOW
20.0,226.6135164126547,3.635708921429602,0.99,3.896238064397928,4.388376625071738,50.16548201642253,0.028211010888162212,0,LOW
11.586624627040193,215.67839173092364,3.438353497771468,0.8782454814221328,1.857585564042128,4.487908512310692,49.906438215089985,0.06385377044577722,0,LOW
14.124358791206056,222.30382093642694,3.3488788000057617,0.9225524011912332,2.4454605667661173,2.346678796242905,49.85213496060343,0.042064713361385134,0,LOW
8.320467825667137,222.0383683260475,3.2650041690198814,0.9356389120929034,5.061012879800652,6.18265913844307,50.07567059219602,0.06724299279211594,0,LOW
6.962128914848552,220.49239505775327,3.105561500238818,0.9717352295456426,2.0241382236082,3.3245427677917077,49.84379121339138,0.06694305306862687,0,LOW
12.937843112344082,225.177672721817,3.924445141195542,0.9370893106127394,3.636689550438774,3.1934175559772666,49.89713008380209,0.06185388750926161,0,LOW
24.841963311954533,205.93179948706603,7.934994648161264,0.7260393569358826,17.45654395350237,7.0,49.63153430873479,0.3481374116227803,1,HIGH
48.66820590159308,199.89410686505855,10.836238878723496,0.406254277883881,18.56392876659284,16.200673677329718,49.145844340332744,0.44560350247393776,2,CRITICAL
12.542541190449262,228.0595425320782,2.226442985535468,0.9048767966954886,1.6628196839448401,4.21722496421043,49.954169965837856,0.0402044645112505,0,LOW
37.192263487654316,197.8045113608733,11.726862250949031,0.6104136063699027,35.32155533366408,19.146810850064398,49.04745422045901,0.4641793310030831,2,CRITICAL
12.200954037284502,232.21175756478297,4.743351541372004,0.95641705274274,2.140410493754813,4.673971534609418,49.99461220510358,0.02130549191893996,0,LOW
52.690503036868954,193.08787034113664,10.0,0.6107751579636114,38.74135160277973,20.548510303433154,49.56349117013972,0.48750276892469707,2,CRITICAL
11.02715163687663,207.04062535794935,2.914034959960507,0.9688481145428538,2.956657426852808,3.5399638145607537,50.099613731405434,0.03847409580186719,0,LOW
10.332409626293153,219.8236786762799,2.9631826197161732,0.9746839741890816,3.6738334095506806,3.705405952725047,50.04697155285132,0.03842380422239898,0,LOW
10.618648910778559,218.24835237824047,2.907044641666423,0.9295555165418147,3.210068987885043,2.402833425512955,49.959426006786344,0.04904371256308989,0,LOW
46.85412882890486,204.6198657804511,13.53183529394065,0.65,25.230461060712933,14.526660566052032,48.96226071785075,0.49432034533012104,2,CRITICAL
10.864405389325682,224.90677672427285,3.116181633878284,0.9019530964567304,3.2560608403998748,4.473605653141644,49.80858281632509,0.06856991487818857,0,LOW
9.273980630623957,214.34793450801627,3.213797183808123,0.8992973369419175,3.9358930064840676,4.523898851818202,50.018064590551724,0.0741728271889615,0,LOW
35.819503626516806,215.0,7.692130544229505,0.6470235215684104,8.0,9.511520621663612,49.489119366683475,0.1711202825531386,1,HIGH
13.821592614305553,216.48091481559896,3.865555672331399,0.8999282213801184,1.8119130596126172,5.082788489999798,50.02805259834517,0.04565560917107403,0,LOW
11.695445785846347,216.32648330571175,3.9276268167933117,0.9430368174585498,4.932621743751698,3.871077647053517,50.006258609210064,0.03055620165959063,0,LOW
14.719369360881608,215.9803579235939,3.6219838922941627,0.99,4.012753998039338,4.126240864053721,49.93771061684876,0.04126583730513128,0,LOW
12.11074152169494,214.18788263983458,3.5721576169439255,0.943788091987329,3.1039682012884717,2.81229065331837,50.03971883319412,0.05122580596975356,0,LOW
13.68381168355431,224.1925979622125,3.8522040389270753,0.9105586722912433,2.279939982664482,3.1744495375173027,50.034363324509165,0.039906565073802115,0,LOW
10.921594276023768,216.5282286787609,2.990674975263317,0.9703970486283163,1.8359418388561914,3.721498096109896,50.2505442137803,0.04143778928970304,0,LOW
12.199591520519121,233.27374934530843,3.306611484320144,0.9349083909125451,2.6798926147638804,3.0688560098500437,49.90747191705184,0.020656020517686172,0,LOW
13.11422667681829,221.65084804962598,2.2185201479257426,0.9322271047474338,0.8863555340252258,3.932951266412127,50.01368119314962,0.03421688789466998,0,LOW
6.157997042882033,220.00499632856375,4.026006462478007,0.9547322234918995,4.88497286731551,4.3052666002133275,49.9168703682491,0.052888249459597296,0,LOW
12.130196651012895,217.6776741788666,2.1256365421712484,0.9402112591655216,3.930938612632352,4.195791809272844,49.93386325770665,0.0684369793998437,0,LOW
28.23222947730047,215.0,7.672741556019209,0.7750772610685592,19.063742737848244,7.057848666667819,49.72244566081636,0.3032241673877648,1,HIGH
14.215358880186214,219.0579125502744,3.365071980415362,0.954028610275817,2.4276243089316147,4.118151707195215,50.15307602566454,0.04795913580956601,0,LOW
5.848171943251337,214.56865134257737,3.687168797421299,0.9128966517654898,3.301832043904637,3.761990908904491,49.83815197186843,0.04149695309163535,0,LOW
16.117015599613815,215.2251129691432,3.705752208544943,0.8797793497394252,2.0690944859532685,5.648824640817068,49.98235708174617,0.02599160489854728,0,LOW
8.090398590393821,223.89650576512463,3.514309890152672,0.944619182893483,3.8051274462169555,3.8894689876165525,50.00450899765375,0.05411227086174008,0,LOW
35.0,205.5002445501353,11.638206215843894,0.65,23.724442991732822,18.565708574467852,49.38614646858245,0.5524726642225234,2,CRITICAL
11.147552576813853,215.26161385158608,3.2287005695734448,0.9633666869563231,3.595440570175555,3.5192784572074363,49.96922889875088,0.053186252715171044,0,LOW
10.184181626732476,228.21949318998674,3.696051148645664,0.961847383930185,3.4237426292434407,3.596808180910506,50.124200827948734,0.0664570019449742,0,LOW
17.164539325558454,216.6770613778795,4.062542160262515,0.9539450015125802,2.387627975128582,4.900494265634316,50.00482698913542,0.02917178011854078,0,LOW
15.165509515109637,215.10864307666043,4.226224125664907,0.8747077614597352,3.7672686287206427,2.929810299847193,50.12853616440028,0.052871193183650335,0,LOW
15.93080621772812,216.07602639363216,4.364684347543601,0.9330781679062596,2.8291696347666813,5.227237166322865,49.98161393506191,0.07459106073664581,0,LOW
8.370479382060502,211.8968815775866,3.7664773831637834,0.99,5.069187769738777,5.2248051294291,50.080246887068895,0.054885151476823595,0,LOW
7.410180976668942,225.17067730000187,4.081515260208274,0.9358261984849,2.8378848356192874,1.5,50.05792325363538,0.0443102088130247,0,LOW
46.65845510752081,188.35434891107667,10.0,0.5929123222397595,24.330718276959782,15.224140530876284,49.1926339480623,0.4155839341272283,2,CRITICAL
10.40141224199544,211.16178174636894,3.3325834566764785,0.9634846297499007,2.914097657777451,6.2175961602170755,49.99263623047585,0.025571230974737607,0,LOW
15.446092469622986,222.0966748239645,3.7800088051383316,0.8882908095323631,3.5859825996641557,3.4902140043189513,50.06258444849817,0.06060449567158318,0,LOW
14.89108018836412,221.0985824098201,3.452501921224912,0.9615337186023237,2.379239120415181,4.628697598449069,49.92885238999167,0.09714310350739866,0,LOW
9.561974933892415,220.97280916823894,3.361655813445254,0.9524237991608732,2.768579442930962,5.336736577350786,50.12130922440309,0.06604906706958383,0,LOW
9.774501336766743,220.9087657394025,3.446989844964266,0.8784415878917078,2.1052072325559994,3.5340394257384435,49.96602152834829,0.04876772509198299,0,LOW
14.27891968795722,218.06825097839524,4.839399086030899,0.8848145020057043,4.885651727323425,4.732268666248025,50.00139233155111,0.06275651764841843,0,LOW
15.70637247480765,224.20485491929742,3.6943892322276124,0.914786301029225,4.577014412166875,4.402469265845525,49.9707336166857,0.034174429019051746,0,LOW
28.6181262262071,200.64202272219558,6.0,0.7680752433024363,15.907428858700296,7.0,49.7438175891815,0.25919414171314087,1,HIGH
38.292668934340995,204.09682698647407,7.563015433938526,0.7318514124692581,18.15595929104571,10.57599413968435,49.61247104409722,0.15934726917204914,1,HIGH
13.300708921079082,215.3103687598686,2.978389543555198,0.9022067593020371,3.476056152257498,2.912134545615352,50.04161643842024,0.0929684274623429,0,LOW
13.665911056676366,209.6990921699276,3.4451320448658773,0.8687549283701831,1.4350405482206072,2.8874967959158764,50.017256277148256,0.04348585341236797,0,LOW
12.73268852001528,210.3987593790269,2.8213906544811422,0.890335318779339,2.4079500784178913,4.433780467284837,49.953768229666316,0.0366213909271292,0,LOW
12.423405219932112,224.4036828571121,3.7095586536650185,0.971441129966366,3.4987689286875137,4.712090393694256,50.02059335837325,0.07151772353285532,0,LOW
15.892490848763682,225.80009744046063,2.7172381757863255,0.8882873511394436,1.7054221633245124,4.835054291695141,50.16409528448086,0.047780392516732786,0,LOW
35.0,204.8066656974785,12.825404413534553,0.502726393235565,18.0,15.587531286583392,49.156740824077076,0.48371494062575093,2,CRITICAL
16.19473581247569,213.3472342823837,3.3338773005485174,0.9558193372126923,3.914649662109123,4.034550173796925,49.95414090299851,0.07782489430076409,0,LOW
13.594055134996752,214.32142608835113,3.2057501006093823,0.9185156420368991,3.1811188643813018,5.2392175377304095,50.00072982762162,0.06384967533064637,0,LOW
6.566826690268006,217.98071004642787,4.196047254964756,0.96269355584942,3.8444153079814325,3.9258135026248655,50.18201487338475,0.041322014040837754,0,LOW
44.1992444859793,176.6965658733479,15.140376998202644,0.5259599559909773,27.965417282909513,17.177692658978597,49.7,0.5899543849381198,2,CRITICAL
25.10983265320263,202.01182764070163,6.0,0.6848991342693692,18.41582164111836,10.135180897258326,49.84485789087416,0.23387518635439464,1,HIGH
8.83486200748522,222.67897410973066,3.6571267662685654,0.9681140073774177,2.51355278614011,2.9734281806823692,50.120402413040324,0.05980915179228312,0,LOW
10.930779476888691,209.4061862241205,3.427843228199962,0.9412833251327759,3.9106704479514054,4.11337706500858,50.1548964915773,0.07606171782921639,0,LOW
7.296252336163606,219.4893614290952,4.421739990279079,0.8838368259967468,1.020095978327174,4.799323028051389,50.09924854641333,0.058940089774796,0,LOW
13.863494610081624,218.90765917129573,3.8027640574119634,0.9248608466075449,2.218023473569876,3.344863057885073,50.02229709901704,0.024262753253130705,0,LOW
38.42548808973066,215.0,8.709540791931145,0.6879569991992159,19.413288967189033,10.68800951535262,50.0,0.29918080912917805,1,HIGH
16.653489963996783,219.5560046099431,3.733197693424102,0.99,2.774572161622398,2.74676926278272,49.87039243066664,0.03579772345721367,0,LOW
14.945160425677926,220.21457340499236,2.2925758699623535,0.9746081985274562,3.466523071763895,4.827465440381324,50.04858097671089,0.06971089871219678,0,LOW
10.483773876330277,222.6692749636128,3.670197584081499,0.9619231890130752,4.842208038195781,4.5650885151427225,50.09988672432939,0.03449139915868639,0,LOW
22.69955576446462,198.86078034265284,7.978786986876938,0.8114188767432848,11.465149035011146,12.755452172168827,49.38814636666328,0.3428634583005995,1,HIGH
8.0716525972327,214.54154614353087,3.809402596752267,0.9619752781260413,1.7214191032445565,4.587597956775423,49.94046087799159,0.04877505208077744,0,LOW
7.349632243773357,224.51115137495358,3.615074940516551,0.8907119471247203,3.4018610584550655,5.071320993814471,50.07127272895429,0.05789442538046396,0,LOW
12.320343862126622,224.1338351665127,4.432427617999398,0.9355922532790382,2.7742862358819598,3.4648976880573983,50.0142933461044,0.04566897902133158,0,LOW
9.635506344719746,218.51210710498208,2.105905031834496,0.8695167594075692,3.9193337895224785,2.8685626786686687,50.072212613183375,0.042900882641355914,0,LOW
12.857650171767576,213.102566653255,2.2840292953977674,0.9209717957007797,2.6789089690968497,2.657457518932267,50.083864048107195,0.04542742272764074,0,LOW
6.340574367633036,226.18747042701918,4.7788470517725905,0.85,2.43157805962774,4.466047495781301,49.9610549824564,0.05873461169538369,0,LOW
16.303913301152985,215.08829385268498,1.9800262118261918,0.948836865884218,2.7150395343901925,4.549520480018977,49.88437419126603,0.0732064908287782,0,LOW
19.549310746114408,215.56851615567774,2.4828939320310464,0.9401696286536183,3.599664357590727,3.974130877184124,49.92988571138034,0.07652679277071948,0,LOW
5.0,219.8890376117315,3.786046993421569,0.9181642176449106,2.319697526291292,4.764354346049981,50.096936900062545,0.03210511462060914,0,LOW
13.486527029623705,220.7806761200782,3.684398036888928,0.8572407302550012,2.225374037095441,3.622060068303809,49.96745050799639,0.07635260798177944,0,LOW
11.314311392020471,227.8830787134981,2.455488832378734,0.9159588239295734,2.9171198300914596,3.6874772633742445,49.87011036111428,0.05479937282103001,0,LOW
29.891947874951352,214.9955805614939,8.056657712107132,0.6635776206112317,15.012634034522977,8.609801255584953,49.74662815276021,0.26163160240560956,1,HIGH
16.20394700247964,223.66608890163678,2.6329283017311953,0.9734028155163177,2.1023308169643595,4.608102615873826,49.945216089238144,0.04793774889032192,0,LOW
8.781534457503728,223.66623958614227,2.830172846529251,0.9228206770627229,2.1776283703355714,3.879488679114067,49.968915337902224,0.0730667425786604,0,LOW
38.78807583010331,177.23024850149238,10.0,0.4234491866133526,18.0,16.993055920501313,49.38497459040611,0.45502361303177363,2,CRITICAL
11.721067449265158,221.66849050774454,2.867023370760984,0.8653871153870542,2.6869241130623602,4.114178911603025,50.10281048918514,0.04507639567720279,0,LOW
15.0850133695599,221.58505207368847,4.851677655851689,0.8927490151524433,3.6021824630594383,3.0781578520039568,49.891135811212294,0.03145867276647352,0,LOW
13.340771166329564,222.61980516817363,3.8135838853151767,0.9513010221610128,2.811728224296929,4.518190902153487,49.86028523856942,0.059517433716147844,0,LOW
5.766394465771881,215.44117011010078,3.359885572707683,0.9728602722756168,2.277797746754721,4.40300227404741,50.10457514854301,0.07920377249652355,0,LOW
20.408173643846983,200.54711693434353,8.243355866176282,0.7534585394454093,19.006175297795863,11.522627259252397,49.49703157774601,0.2211761654541622,1,HIGH
55.839368512018545,185.6175299412413,12.71148227927132,0.35,20.60723942957455,14.495945825131368,49.080838207672926,0.5410128781445497,2,CRITICAL
10.375619203043147,215.07537039654366,4.466412716840097,0.930677200503686,2.0973475764386933,4.33744045137279,50.0508458160228,0.06643511164825572,0,LOW
13.655822476659255,218.41782730758112,4.356515455399386,0.85,4.237990616211758,4.57823532867363,49.91736045027799,0.06953584931582135,0,LOW
13.705079279652711,221.98937297702878,2.978786665939242,0.85,3.8480469752187334,5.159360771408452,50.16852064185973,0.05963905339354801,0,LOW
13.858546576740677,224.42224033135935,2.6335861130777825,0.9020683719692133,3.1972641968996767,4.698630176782297,49.98492460999066,0.04324134597999042,0,LOW
24.48678976065284,205.41326188514876,8.566403194765783,0.7040087404747163,11.489187542842807,7.010364929392181,49.36552501048865,0.3228331550168059,1,HIGH
14.57325976926413,223.9972738037374,4.024232441685831,0.889355940535035,2.2211581404613403,4.401207732395293,50.00284711858738,0.06647197629392208,0,LOW
12.04997190172814,223.6193795352797,3.121528372094438,0.9325100505506716,2.3453520382390547,4.3908255004369225,49.955343613059604,0.03477217863664946,0,LOW
11.153625664049514,229.29596903706502,2.9879886471296677,0.9467501267403906,4.4327598908836805,5.608540614942657,49.874915587851525,0.03992277498852895,0,LOW
24.29646291911588,206.15452056790372,7.58328727101706,0.7935032489622751,23.85651794494872,10.912056232971945,50.0,0.2498803431085954,1,HIGH
9.978474817581256,220.77994231501637,3.7434842969873,0.9703067795712678,3.4452363175216907,3.9168726928077264,49.98629864864899,0.04451358567382834,0,LOW
14.034534960236568,221.61560900524094,3.5131898542593434,0.9172440527609051,0.5,3.3809320290376865,50.01142090672544,0.07115113019610786,0,LOW
14.032572600481094,223.478866188188,3.9556898340462854,0.85,3.6405982360360296,4.407168683291145,50.195689228412995,0.04822232204981998,0,LOW
17.792836249829694,209.7767460682153,3.9315252031669843,0.9277775900242379,3.1889108389249508,3.162023848467954,49.97291788503294,0.05448100905267813,0,LOW
11.740228700123708,220.94205251247777,4.083268995602793,0.9623269815139109,3.658491734017717,5.039673628586603,49.98286994231551,0.06457342210394805,0,LOW
15.869502434603994,218.32786204425435,3.451262495583832,0.9221439445268398,3.410572164329675,3.4769983919419416,49.80546950583226,0.030521919353274477,0,LOW
7.552693793157686,216.8801864788468,3.135452014871287,0.9532071533045481,2.2187001901207064,3.945811690184668,49.93583346131112,0.0318225579457274,0,LOW
10.92992584782426,220.93348257278373,3.301798294699861,0.9075775728758364,1.597078416947,4.681888226810059,49.98278464338323,0.07424848362174341,0,LOW
9.019008537459836,221.70260394070675,4.2998680202860475,0.9273996964672596,2.65904411046431,4.347366503615812,49.85182098462782,0.023690787772162568,0,LOW
17.6503040445135,227.05369715055141,3.5539895905097767,0.9621472008944457,2.498065324614184,4.29080768010427,50.03948134607141,0.036866360958743544,0,LOW
25.339646993161647,199.69034894624437,6.8244160885467995,0.6738807746678753,13.648536879426517,9.538223519197457,49.653433533921586,0.15,1,HIGH
14.899172306798445,220.29290172840282,3.3079854348295434,0.9569130257305325,3.154074552747822,3.8546975163980335,50.125720318663696,0.07321473770482109,0,LOW
16.65004742862637,222.11923818410813,3.7334022570593772,0.99,3.500143339692048,4.383741325836092,49.8786777032589,0.06665528920183958,0,LOW
15.388130093531391,224.12974523190152,2.5121394999989217,0.9084409796575221,3.5462622861175,4.858470240842985,50.06312143151531,0.03381394844577773,0,LOW
11.054418596277047,218.53302202679598,3.3325788421165585,0.9135437217732666,3.5720877648462253,3.4910500589489932,49.978725934842444,0.05334545822237231,0,LOW
14.605371431213275,220.3862845579742,2.855851193978707,0.9451524231795551,4.81907296036684,4.480610538860211,49.78178967492814,0.05880794019148423,0,LOW
13.988922224648993,217.7945199216904,3.4174284992881105,0.9487888502506404,2.058501208546409,4.586874463737257,49.87448831157563,0.03564871974362788,0,LOW
16.257415542150795,217.66008064891093,3.2653837944381228,0.9210694693642718,3.276375026352382,3.595867436020447,49.956802309142454,0.06755576933657932,0,LOW
27.5726496802922,209.6110526106358,8.25286195288945,0.6542594771197413,15.009236847497634,9.987831151976398,49.98471643172379,0.15,1,HIGH
11.63452835553693,219.45839811448093,3.572884387265834,0.8895851139013178,2.4848496901972954,4.508715071872503,50.15002641538338,0.04718589656853182,0,LOW
15.594854274370299,220.43237462188137,3.1103234234540196,0.8614788602754841,3.860946532838257,5.916105399042449,50.08645503694139,0.04695351230903241,0,LOW
5.0,217.47481420606763,1.7407073945740634,0.9658111994170293,3.739904598454336,6.2454183113434105,49.9752773412463,0.042796915948371594,0,LOW
43.01198229431963,210.0,12.340900504911424,0.4782347713549563,29.75815789081118,17.86332131912079,49.065068259152845,0.40345695575368895,2,CRITICAL
14.274009958648419,230.19068476643096,3.793398156875456,0.9208167488787256,5.0637016225813625,3.202153631761205,50.116140019841616,0.07538389887431857,0,LOW
12.106219422921964,218.52562152031274,2.9786529444214116,0.9113592210954994,3.0632651210437207,4.451319188315863,50.06131586145334,0.06489422733436195,0,LOW
15.162779482283494,221.99396295271197,4.840942098647812,0.9406250141757666,2.9682119569373393,4.619387416018722,50.06009415314492,0.03174501026899844,0,LOW
33.386762981038274,197.46968545677095,6.0,0.8187290076981623,21.37586011217654,12.889218663221806,49.6307604542692,0.2723208520995528,1,HIGH
10.977758718243368,226.39517477392326,3.2161013620085317,0.922422306941124,3.506043905643886,3.9056091356824285,49.91961432839062,0.04389683608377897,0,LOW
7.734342238369462,228.24290264418974,2.6840681835333573,0.9189431544025038,2.646454283181316,5.0814227276599215,50.13907706656869,0.025084797667686974,0,LOW
12.063452226097965,208.37662485703947,5.019030727053864,0.99,2.8571406678003273,3.8828504741974332,50.08934737202049,0.05776403921751206,0,LOW
8.500771578661345,227.4927470787428,3.1372394410910918,0.9154245736798856,3.0943494010220376,3.6652492123680576,50.08676202146904,0.05878258548962771,0,LOW
33.29079469717117,195.72201505163022,7.568354978030759,0.6375795009384062,14.734562490629656,9.984150249415542,49.46682135202998,0.3958356913310067,1,HIGH
13.413869686172944,214.65488835112674,4.0112932452467795,0.9083603698103888,3.232941315275112,4.07572521120571,49.95980859824242,0.0802867729959762,0,LOW
14.82960173303405,222.34931940612995,2.9159565551159923,0.947675188494043,3.657465052592565,4.509558700742083,50.02797540985618,0.031444785698802116,0,LOW
16.70208557225423,221.31372965856042,2.4319232552756604,0.9818855222903012,4.376930139248041,4.649559933448037,50.02384281694418,0.05781937137394157,0,LOW
10.121428002445978,221.77889002194956,3.0423987681136353,0.9308603988577082,2.3302669090034884,3.352063044020079,50.09046782617571,0.03506857131141698,0,LOW
13.214266108321628,217.90226999366638,3.275860192072553,0.908391644497933,2.708647481393208,2.7884922100203173,49.96722216332672,0.05780033158524873,0,LOW
9.94122929748793,214.212763795959,2.71415572890559,0.9250360166336211,2.6907207667921305,4.303354945749144,49.95977141140883,0.04799340623656926,0,LOW
10.24948268979847,221.45196487282834,2.912943911613092,0.866634909155519,3.653265841736516,4.106371349223799,49.999459098243136,0.07767121524585915,0,LOW
9.823569377172486,214.68774798166928,2.377008220711223,0.8843175817773323,3.433366806101503,4.593364004764952,49.92153501242271,0.05457549513859567,0,LOW
10.997482756164603,227.06699468960338,3.1650981465717196,0.9486659614472324,1.8786910361218876,3.299741191246238,50.18437564807167,0.04629488269604481,0,LOW
8.95798896204164,227.97791297771928,4.234896644923063,0.934186042239143,1.865115441499048,1.9341037313465113,49.93325156244318,0.06273440470399845,0,LOW
8.373988513922455,220.55012555321792,3.681791475472574,0.9395810520788669,2.363839100677976,4.145544055212176,49.91360510630585,0.04124179033486709,0,LOW
8.927873167560724,224.2305778598422,1.6555370579621296,0.8785259942423307,2.2942000645366942,2.098193394678202,49.97865928952891,0.04335787936750519,0,LOW
25.934029317168527,203.39649125701965,6.0,0.7360273907446713,10.88578852213279,8.621366836741943,49.74286392018442,0.16553569775839128,1,HIGH
10.966955662724551,222.67669260979213,4.249576572256832,0.99,0.5,3.0450460804780395,49.96164539570082,0.028230158267584463,0,LOW
9.341556289485844,230.1553975880182,3.461799868223945,0.99,4.913747481483804,5.165849756373929,50.01840484993032,0.04327012966034362,0,LOW
12.309304100286798,214.4684796166798,4.053167927288934,0.9249738801989503,4.702022382417235,4.798872006531483,49.82782290394743,0.06711673800307405,0,LOW
12.077912721963179,230.7011635969456,3.974444389982719,0.9509565685746388,2.031423644582329,1.7206706593123968,49.930685635550965,0.050679749613579905,0,LOW
14.002103954649899,216.4273342309442,3.2065161019240502,0.8988373109939465,3.221114709306007,4.14469203944831,50.06073119223474,0.08815239804022806,0,LOW
9.69854154320884,219.20603969942135,3.355126174890522,0.9863074001393005,4.099748759460399,4.588590647066279,49.95542705642854,0.08993039416052181,0,LOW
13.877522113933509,215.43626311023982,2.082065063286406,0.975045956769195,2.41439788962149,3.313848725866789,49.815734483572726,0.09085723636964427,0,LOW
12.936427342068338,217.11169439753823,2.3549393981091447,0.9169838059089559,4.628076743714483,4.512993709875213,49.91732248705172,0.03778471716232919,0,LOW
10.24341185594379,218.2825305160925,4.1318069836045925,0.99,3.022233481243454,3.947522335743112,49.96419728748883,0.07494074686865186,0,LOW
10.128475654350332,220.96938738551637,2.255782595749352,0.9578815691394355,3.7386604312874536,5.29182505851123,49.976389680883806,0.06833817200887277,0,LOW
14.718347547741368,222.8231681565326,2.9985809030475408,0.9489064945336647,3.160355745868285,4.914084086506662,50.04206834571647,0.021372469497243245,0,LOW
15.741646508100215,217.6022119816948,3.1879991230282467,0.9660058397878201,1.7030603398511195,4.993309240795079,49.913829896425554,0.058616122394026846,0,LOW
11.389684834547975,217.8359502079855,2.632454556881228,0.9562648822002142,3.651420519406469,3.025130070301029,49.99750278422046,0.042069644578449375,0,LOW
14.749244270433778,212.42479338486842,4.188352229116111,0.922853505545289,1.451080587518642,4.416009931991798,50.22919265301363,0.07249508953574056,0,LOW
16.344135583414566,217.96021241191747,3.360102710882059,0.9479094509973668,2.634014481813376,3.301130261975145,49.997404776574186,0.08272045511623487,0,LOW
10.43636124657763,215.14708705474507,3.7052916237923705,0.9665353382279561,1.5192786227996349,5.557780310752578,50.181303493005764,0.07602584319293837,0,LOW
15.146107224608407,210.60297590616835,4.087214330920016,0.99,2.0532562375239127,4.830082085252364,50.09742048592255,0.06283781219392476,0,LOW
8.131914150593087,219.55641208531551,3.9393338841669463,0.99,3.684877898486664,3.1580679622975354,49.86661882498689,0.045504987628470626,0,LOW
12.549468573267012,219.00645351430967,3.685482994492963,0.89912479506139,4.097033183505151,4.6029879244864675,50.11047415691766,0.07110733874849251,0,LOW
15.86421301097095,225.8388829635835,3.1989160121165803,0.8926407631476455,3.404447166701691,4.79884943905917,49.95938021862663,0.05001983040338624,0,LOW
12.793135907477161,216.5507037974879,3.7772912187929344,0.9372763670999744,2.017951404961206,4.199663734507738,49.885126288371865,0.034246795927175167,0,LOW
13.00806207433401,220.22029810179595,4.778599149378076,0.9423211962654258,2.873558410426814,4.661236171470295,50.171176713210905,0.03616999445253133,0,LOW
14.001807602391633,210.31768237181376,3.1022850468200964,0.9077612325000831,3.791956059956719,4.060089447925087,50.0977388780536,0.0685810219900753,0,LOW
12.560580692133449,219.75440480334325,3.8556252564178357,0.9510784978390142,3.599401862611014,4.731713669829361,50.22135499056909,0.04921489431844345,0,LOW
7.74457046276658,221.10331997090725,3.5650906658557893,0.8773149254005873,3.657645628452888,4.821204753208693,49.976970272928895,0.06711391755272318,0,LOW
8.592071065561129,210.53636954627913,4.440668178811858,0.9206875770289188,4.198743280099013,4.008501160192721,49.97498617489408,0.030801452690687087,0,LOW
10.332245812837037,220.64344918222275,3.18126678259186,0.9217894797467204,2.4122119877199175,4.586022412719299,49.79257152049571,0.07284097343565824,0,LOW
5.0,220.45737380363212,2.2421714792671015,0.8583872793124219,3.0833563109786275,1.940356069090952,50.0929379179188,0.05943426596776367,0,LOW
9.649215370483159,213.79362317632996,1.6981933711194386,0.9161130499376879,1.9188647896754263,4.9349871864618,49.93762567400491,0.08962003283225428,0,LOW
12.961785733422046,220.19911943758757,3.2658778257174284,0.8998786026896537,1.1323793777740798,3.6592051070764495,50.07061089773311,0.04966514686374407,0,LOW
11.02515550921166,220.6357720357459,4.785493104268735,0.99,4.4736583443715014,4.788588360003148,50.04379848920075,0.07703946632708913,0,LOW
9.659906724070368,210.69622958857306,5.135674264637834,0.8710574712730563,4.015114239036467,6.28674824137312,49.94715643455071,0.058322450034293066,0,LOW
49.74950671413579,201.22935623606602,10.0,0.46030353177388256,30.65735700032472,16.080074488031695,49.48619261606974,0.4901672787156875,2,CRITICAL
6.529411818074649,222.5829806636849,3.9426446928176233,0.9893894506570605,2.492606556229159,1.5394920690994423,50.098852070255305,0.049951484214214616,0,LOW
10.513738537577192,212.88714927842474,3.3288683441311204,0.8919783796741618,1.5892946210722514,5.952586245716775,49.999371724733834,0.043041260300759165,0,LOW
11.73162134121571,225.23211447823704,3.0098889502640547,0.9823306369662244,4.113085385921192,4.418301150170594,50.09945627418626,0.029435513386830096,0,LOW
8.398796045205103,219.28125952094186,3.3006533667388527,0.9016832916092761,2.5353441183916954,4.7902688749808675,50.07940577819621,0.07021475747206002,0,LOW
12.933295739074373,225.14108820917542,3.7358534620532913,0.8922627473497201,2.9914210508975723,3.2615229682067666,49.992137266605205,0.06137037315393351,0,LOW
11.726443879380017,221.0307249275056,5.328365965538023,0.9300166107508702,4.405763194491591,4.672065246428189,49.98726715317741,0.06031413359050274,0,LOW
11.239211397590061,217.44190855735712,5.049283598251311,0.8969812713610326,5.243875778000065,4.719434466994147,50.028901747220935,0.030202297431609758,0,LOW
41.14007999155315,197.5034245238546,14.264676417419793,0.5166649771789266,30.78257174994084,17.696226963440466,49.04754600085663,0.5416234797787395,2,CRITICAL
7.664768141799362,225.41791133282143,1.8742529233611533,0.9602369727124181,2.2362287864152117,2.980568477484816,50.03635681021535,0.036024299968352325,0,LOW
9.951851323724277,221.29939057158094,2.2902075014215413,0.9110536475212687,3.313242640816458,3.2414152130029326,49.94129564388059,0.0460541044805806,0,LOW
11.321771808578506,212.6201675088874,3.42829346025853,0.99,1.4284855359369135,1.9673234467807066,49.97263020521482,0.04851806188034804,0,LOW
11.20601892781137,222.76765629370652,3.142947315372614,0.99,1.1018113236168596,4.29770586231092,49.96277629307571,0.034106650227079136,0,LOW
23.424479365980883,213.86399683125387,6.3444755634595476,0.7903762817080586,16.33267422630597,11.794687818708184,49.760601598659676,0.28426772708884823,1,HIGH
13.076564915279151,217.1393412102901,3.470725228846967,0.9480108470921801,2.2846530197017563,4.152790743153991,50.042209323351884,0.05990140912537862,0,LOW
10.689678748189882,209.83235651357418,4.142949547809727,0.9339312036602205,3.2156730946017356,3.775955907839305,49.88711979732766,0.037388993414979636,0,LOW
13.552795133029711,223.94366509419132,3.3592464123539365,0.8847990933392288,2.6268800411349686,3.72177307769502,50.05972751127237,0.015823914939695385,0,LOW
14.225902845544136,227.4512868977598,4.288234449873038,0.9866115652953301,4.148932474189925,4.347649484958125,49.89744079080282,0.029786526640363048,0,LOW
10.938128808181926,230.60415511233478,3.1724793370165787,0.9545626338304933,3.2315062155640115,4.743405512129403,49.9618961578235,0.04517848793076103,0,LOW
29.992210286147195,215.0,8.49968917373528,0.6963801501883683,19.100639842537284,10.966372079785497,49.63692228699155,0.27163171357910626,1,HIGH
17.97041733189667,221.25731785325556,2.275061270342673,0.9804144534770936,2.6810457575061486,3.2002859057054582,49.87341718884798,0.04259259689955821,0,LOW
35.0,210.0,15.571573363788902,0.5600791587529755,35.90369303552177,13.845709238089285,49.10907250075161,0.4502989403429693,2,CRITICAL
15.291897164344807,229.41207443770912,2.4331665825661117,0.9550361532746531,2.814410682341952,3.938624026851055,49.81070277874287,0.036564842500246,0,LOW
35.0,192.58509111969838,14.01814717494691,0.607656173006982,18.0,14.136245903052172,49.62055640046529,0.5076706443219072,2,CRITICAL
13.61504030771549,222.54387074882155,3.002677871763516,0.9214584504979012,1.7488289310006282,3.7799523945016382,50.07065449655948,0.0562390830411443,0,LOW
14.461360721527722,221.119614327731,2.0507143704156134,0.9095718940126047,3.75318830751209,3.7247851360272506,49.86241121047451,0.01841636386662627,0,LOW
26.854497627662028,213.3313823859648,8.243552113108212,0.7630391821023486,8.0,10.930063992370146,49.67544848718715,0.21910110396972818,1,HIGH
9.677164040048591,215.82756601170757,3.296419004383612,0.8575418720743431,3.935917945479029,3.8614225359826815,49.886834243312165,0.03913420203109866,0,LOW
15.679494087857883,219.9040056736542,3.701143004724222,0.9057281473174343,2.194244013773079,4.645674716981783,50.029467487951905,0.023279682197694874,0,LOW
13.322921732803927,213.2160063985627,2.58985438706421,0.9065160042144678,3.7142573791638593,2.697743420851503,50.148419064777954,0.04367733300223576,0,LOW
16.019176033793673,222.3381965732375,3.3754211617635224,0.8649687006976468,3.449271654907735,6.284348890619836,50.07208955589825,0.04479380151521202,0,LOW
11.171487699946033,209.0048436248132,2.64643984756032,0.936067131709613,1.6656124172186273,3.086058935652247,49.910733145501,0.05807278677296107,0,LOW
14.579974099363351,218.31658110314646,3.0958285945238755,0.9411330944971827,2.8782563666857284,4.3840323481827985,50.131982988124314,0.03634836533078953,0,LOW
13.188877701739834,219.54817779466134,3.428157703682662,0.9788033839336503,2.4188747051685664,5.721023001723804,50.02810826352545,0.05191901791971742,0,LOW
48.909704045635316,189.696842991629,12.81270690565653,0.5587977473005667,38.93948521631979,13.912948639660344,49.53783679713407,0.6646787631957021,2,CRITICAL
44.254161920735925,208.0839643052113,13.645386411773112,0.577821465748206,29.494978794086105,18.5766719578121,49.010016471437574,0.522857169846574,2,CRITICAL
11.351004725996065,223.3431313529683,3.4635718195019516,0.9038143689670745,0.8916142165714662,4.350871745554446,49.81968300294205,0.07657050892689578,0,LOW
10.859730083672991,222.6811275604993,3.1211436793175595,0.9120851721169656,3.2373704316959766,3.1499212635555374,50.12236013370083,0.04107273998261064,0,LOW
13.42664784189836,210.71076308636862,4.131921283757631,0.9719210112577696,3.0290169394304063,5.603918067454787,50.18892689022235,0.08960453727436259,0,LOW
10.350214609430058,214.70994716919463,3.3489816573811604,0.9540594729777027,2.2145628771807013,5.2130118957085845,49.88517105155843,0.055094314692322045,0,LOW
19.09823882703492,221.46118304796946,3.029057274458127,0.899704403024034,2.6436791149828345,3.5618107693431997,50.059850147627095,0.09024420167226789,0,LOW
11.918982568846175,223.52730576306053,3.2495782212015136,0.9859162324665103,3.3120315834624696,3.6118708751221513,49.8528396887459,0.0476657519262376,0,LOW
9.307243840314658,217.63507638205465,4.1142929999065965,0.9555929272159746,1.582664554138005,3.0157959752031913,50.01155057922099,0.030107683763718144,0,LOW
10.387555367113599,217.3780817202747,3.190800705457121,0.9624774793599005,3.541414916246286,4.598689561595677,50.116474032233974,0.036817444244996174,0,LOW
31.9209339580438,199.45753633308146,6.0,0.7179193280176568,10.651344919004977,9.05070572989934,49.92007413630502,0.3325740828346929,1,HIGH
14.776641132550411,211.8826623992275,3.593351387213801,0.9119991278257601,3.207368555846995,3.3744991124101134,49.99702972917889,0.015258028906623873,0,LOW
12.398211742653338,218.5812555650338,4.340680850392655,0.9501075259189558,5.108506066144718,3.466799491525199,50.16066115198271,0.05866132535284345,0,LOW
14.167065593015092,217.29433865547287,2.519295917518772,0.99,3.4839458767809193,5.495697916782252,50.03782372096281,0.054838276087047604,0,LOW
12.422741641122515,207.14348022139873,4.103096699052123,0.9139674329961073,3.836165409285443,3.646120931238708,50.018217963017996,0.04677392851343872,0,LOW
10.198314704518138,205.0,2.93226528189091,0.9220689722762171,4.035402734327377,3.5010084263781684,49.980910940550324,0.07429336488483626,0,LOW
17.402901342473633,217.814292676622,3.7790516591618584,0.977469726265992,3.6438305046394803,4.3931594828237195,49.658539884479325,0.040004123004608684,0,LOW
8.544076551450456,231.0542131063644,3.638275543595656,0.935583759224766,2.7066572592598406,4.313464524293678,49.86525941964454,0.04312432641562808,0,LOW
10.313224111946392,218.75330112979958,2.402788594870034,0.875584334519256,4.737617104604678,4.072653328389457,50.136458414830265,0.04188269365551034,0,LOW
27.908128548920466,198.16609791719802,9.160924485307234,0.82,16.159326727589914,8.960472931485457,49.95653245777188,0.1883737509008817,1,HIGH
54.86225425596607,192.71394763465509,10.0,0.5447747123606412,26.818470655939013,16.607335639539777,49.143456767142055,0.6283101761149031,2,CRITICAL
12.874454700118001,217.04739147688196,2.990683535179313,0.910118970166577,3.326974425350864,4.21309060136525,50.03306380953276,0.06408346985574118,0,LOW
42.448262240294206,210.0,10.0,0.49095952892630973,37.77218939166805,15.428963840219478,49.30211047717571,0.7669868168859171,2,CRITICAL
18.924605472064822,214.7182956326835,3.855175164894697,0.8782291279936766,1.3362885652444012,4.825369875797658,49.82143629494036,0.02307738738102366,0,LOW
5.2979951729520405,221.4663626704325,4.129078794780388,0.9139478176947363,2.7527763300570194,5.003085316489133,49.892066572976,0.045286195713767984,0,LOW
13.298958271088267,216.2749689240617,3.1884865514165575,0.9890658464677359,2.9022367602658274,5.995806867177216,50.049193383646866,0.041941882571113184,0,LOW
8.381064233661137,218.5079966509598,3.7150052846654193,0.9101195125340084,3.8227361646744806,3.9402371196639603,49.877097837378535,0.07535555963938229,0,LOW
14.61153218964694,216.4029060907532,2.8190688984675476,0.9522396854964783,2.144477871317597,4.328963616361155,50.085481715792596,0.042476120242070065,0,LOW
9.20195093069015,218.42373001016256,4.257882230847854,0.99,4.404193660974398,4.9593745782490695,49.93247840235407,0.04522010798433086,0,LOW
9.462886215185105,219.70242076147002,3.075527325144158,0.9294440826212488,3.1050701853630627,2.7072167781396788,50.129906588336816,0.04254527786379557,0,LOW
9.991657706380789,223.51852848852744,3.8849904717908625,0.9394478059373647,2.3469768785704326,4.94957655360214,49.78037684210962,0.0009878737162184806,0,LOW
14.407689743702523,232.18352135350446,4.172093849998078,0.9819897071389364,4.7364249113996015,2.683550486458988,50.06711041583924,0.04539605121793196,0,LOW
12.532714524428549,217.74133824148427,3.3117258970961747,0.9441362407787474,1.0097290660318279,4.0936487035112386,49.927108577718414,0.029308372089258444,0,LOW
8.20397673510344,231.4725300930342,3.9822634129742105,0.9199939284247947,2.4729730197913353,5.632770130612792,49.81925250576072,0.04273220003594435,0,LOW
17.161099736373316,213.83045633607975,4.478752501606363,0.9616778176697258,3.476367303758252,3.2357022841336893,49.80236591399046,0.058189890506525226,0,LOW
10.572723608424512,226.20622407143273,1.681523658525872,0.9269322566552706,1.691941822221028,3.8924544190643733,49.96771592018661,0.046771643704462657,0,LOW
11.09677107582989,219.2664330255361,3.6113413008972746,0.9369448776223741,3.42985571777691,2.8891252803613163,49.814412212546046,0.0331861202759257,0,LOW
8.572781111991763,215.1648118798742,2.9446146709154313,0.9576246607284769,3.802516117163005,3.778565286127688,50.182397753914714,0.06480371874696536,0,LOW
12.31711317480765,217.66139663683077,2.846320790447249,0.9207344474258771,2.763691855851466,5.573380068270352,49.92286142583663,0.01976158413995035,0,LOW
8.22327521921123,216.98761478468901,1.812951361269631,0.9699253322049479,4.258045948355969,3.8494247697831123,50.135478401690726,0.011902213851441322,0,LOW
13.098645577222344,214.90007573238836,2.065767044187199,0.897426514898442,3.000679626716725,5.9405778318130915,50.06244928075056,0.04166052038140066,0,LOW
10.591442115133937,226.83821001161198,3.6383709201004675,0.9156555496404819,2.9856053641908846,3.810938029897268,50.03674376717146,0.02035011821965756,0,LOW
10.632927309259001,217.5873281141179,2.5830585846390335,0.9544586593913897,6.0,4.214945567313085,50.03231626588913,0.05931802936727042,0,LOW
12.652199535096582,230.1035702369648,4.965462785204407,0.85,2.3196215081528853,2.4691850512165985,49.95074447369645,0.05860801401479358,0,LOW
45.34554406800968,201.94871184107268,10.0,0.4397614497611755,19.472283556647557,14.84257549815855,49.52815586633547,0.43366833232738555,2,CRITICAL
12.621401273023212,227.28786158375027,4.223420159039844,0.85,2.6699845191592604,4.087554655346086,49.85021692000091,0.03905940159948075,0,LOW
27.667067273308238,206.82546160323892,10.188166984772941,0.6948868422767519,14.599694894121056,9.941936332260568,49.744800153453454,0.15,1,HIGH
10.323143050998745,220.98601694406756,3.9088405033480464,0.8876832926601164,2.4486437481911607,3.885657513734893,50.083838084579085,0.05470785573766488,0,LOW
7.843240435750664,214.61381575548108,4.3808570419700406,0.8867685601799743,2.575494862839017,5.539803307069528,50.08830083934234,0.03392578609569305,0,LOW
10.034248087621958,221.97478857248893,4.072568193813337,0.99,3.3196912594947134,3.5764866911385975,49.953387812736906,0.034535239653797,0,LOW
17.73951224173861,224.3056894298169,4.263099695408378,0.880810972347343,1.8300365171318949,3.590107436808594,50.10062453569383,0.07579312777781332,0,LOW
10.68049173204552,217.87544999492616,3.9184955562634913,0.966182485667478,3.27420758776085,4.296640215145091,50.037971045066854,0.0206222555955898,0,LOW
12.773355277293316,216.9515774907506,2.752724061228147,0.9402014522310064,1.5045160461180538,4.751765026608514,49.83250127511601,0.052390379945884726,0,LOW
12.078730767222304,220.3300293230847,3.588220380338971,0.9360789855317642,2.7862306829821843,4.0922354348533005,49.99577949281955,0.022488649503741423,0,LOW
12.113699030230325,218.57354210155862,2.4892008931298477,0.9243620020794872,2.1564386733357335,4.156954375377812,49.829340635107414,0.03644468328474082,0,LOW
14.518827068275886,224.08051115058237,3.073789550857769,0.9041501525664112,2.864925749737478,2.76550027745313,49.92055640802336,0.11649644914202582,0,LOW
14.528293746024126,226.75026558831706,2.758653872781184,0.9163216952969236,1.6872664759574583,4.775996736024017,49.97364836274954,0.042608791367230836,0,LOW
13.921745049196938,227.37234020299698,3.9120051642856803,0.9415767906155408,1.7148595630981884,4.094333542490798,50.151655874162614,0.07700231055805842,0,LOW
35.0,189.34136172227133,11.950381221736599,0.5141234522539189,32.7972585927937,18.37755869380411,49.0348978476317,0.5609991885773148,2,CRITICAL
17.575009302148647,221.00644513668627,3.350472360594273,0.8673483672677266,2.611640138616532,3.4658412778179435,49.965883768727544,0.05396162566924799,0,LOW
33.622189286188785,209.81996987302878,6.044311365580626,0.6807850491061618,8.0,9.65154697920142,49.95186220860741,0.1915831904742153,1,HIGH
12.198144758636218,222.1120001536416,3.4160406447440184,0.99,1.9244553728561011,4.209778896515368,49.951209790838426,0.05482197034218569,0,LOW
53.890084935335345,192.43196550821145,13.655261651265873,0.4326448828131253,26.150777183347508,14.691413048979395,49.34076552838743,0.5624512644446639,2,CRITICAL
12.094705705488765,216.79717882397028,3.983687183423219,0.8963585887404838,2.6948470859126905,5.166643705528155,49.90642059165629,0.021957064419013645,0,LOW
12.877599091436975,215.4997283351749,2.5889318819594793,0.9069399430911411,2.2242419475362354,2.6035502428258432,49.77060453391768,0.05037722453179674,0,LOW
9.365660067105974,224.8206253429836,2.6325062449919914,0.8991593005373033,3.039653062302022,3.721296338272799,49.88585428922777,0.068015857856755,0,LOW
29.842220885210057,202.9429826294305,6.801822802376144,0.7807532676021376,14.722563643065849,8.221515320878591,49.624070503288266,0.3033816576310445,1,HIGH
35.0,191.8532064141054,12.095239164625138,0.5188230647104198,37.71087437669035,17.951928342532007,49.38779169963124,0.44552314926079906,2,CRITICAL
13.529906198672267,217.25892704660575,3.198012694218983,0.9370024294232923,1.3274609543905551,3.580745509487249,50.10954015540203,0.06562048191754082,0,LOW
9.934003334903393,226.4938671808167,2.614007700339874,0.9730768944223501,2.802175542210458,5.761988172566856,50.26900477228332,0.06197652632398169,0,LOW
14.491829066599049,208.9484937829696,2.2528061077696515,0.9103210110404034,3.5712229684912398,3.933139099285221,50.131207267876285,0.07979987970250157,0,LOW
11.51727352474589,218.2505599467591,3.038427945593365,0.9346026314885072,3.4322348640061913,4.740153067235335,50.10592386791709,0.049501356845872,0,LOW
12.411634397109308,221.96099741759522,2.6819211054700345,0.9605683863042757,3.5798695261684967,3.339131735403274,49.921084494802784,0.045780379675745615,0,LOW
27.907733229808006,202.4507061721255,7.8324536536635225,0.7761526845476041,12.784018694947841,8.410000461379477,49.53257549294059,0.2455329653801514,1,HIGH
21.99080013521553,211.92038680995685,8.237173111687243,0.7805718009118217,16.507886894738345,7.851887841104666,50.0,0.236533545487346,1,HIGH
12.054186247731566,217.85900578373727,3.941399721568808,0.8905909223985806,3.250027548368005,3.7054206496915425,50.07116814543467,0.04775435560950583,0,LOW
16.154220297358115,213.91083537835036,2.8675293341665564,0.9371527259777177,2.0525379189919044,4.722378299676467,49.93769089389704,0.04327544722631717,0,LOW
8.969752972138927,222.31140584363223,3.64746388241515,0.93260166963347,2.972394446153814,3.6424058056597737,50.011648402836016,0.05170760677530169,0,LOW
13.80031768582285,210.65324182785054,2.3707822283140256,0.965413168473869,2.821981879082081,3.573374647193577,50.03254646548132,0.02104815888211159,0,LOW
41.44117944088312,185.8984210949844,11.555384005597709,0.44864730254979446,18.0,14.588383546398022,49.14402963594784,0.3,2,CRITICAL
12.846387301413012,220.15014309447864,3.9980283828815204,0.9098390500988436,3.4475719802449842,4.257994979176784,50.08530777918983,0.048321214893070306,0,LOW
12.093529985720654,212.4808527972902,2.837004870954025,0.9540372508452479,2.6176468542797124,5.806663654334144,50.06893180626021,0.05382281001567627,0,LOW
15.604415511751004,221.1545555823361,2.5584260975377298,0.9228281006421187,2.6485746306713716,4.640775134979944,49.97766483483442,0.07635233661454972,0,LOW
6.024485366635906,229.87116188590042,4.073483086892769,0.9801609816895621,2.235210350326398,5.292306576842863,50.09140375237187,0.07242244614246883,0,LOW
47.43060412269897,197.86865385736107,14.740404915541372,0.601940156578138,31.098235239329295,15.092569014716673,49.68130615150035,0.750556585096865,2,CRITICAL
65.46122744897991,205.26183909322432,10.0,0.35,26.272576810735345,15.561222345957923,49.7,0.5910303396845596,2,CRITICAL
13.642539562359765,221.8211246352902,3.9352018159167494,0.9128467993149465,3.7403736986383,4.273239418247469,50.056824143224716,0.013989829193957685,0,LOW
10.894357582274651,229.5169314363685,2.491476036045266,0.8935090294759556,1.7766098981840148,5.802293727775747,49.94907518095314,0.06333619472878263,0,LOW
12.8860129002803,227.92368464046694,3.701020680863688,0.9507086770876235,5.374977943103604,3.5585761621818115,49.93306899823844,0.03866580291165454,0,LOW
14.914868945958604,227.72437021795213,4.437349669009265,0.8871509482766194,1.892747846838326,3.386269197190664,49.92771543430544,0.07174093000923858,0,LOW
10.612313184542858,230.41490482031602,3.272264821476537,0.9750407538920917,2.06608611467308,5.003765460683086,49.949194232427935,0.06348183315283984,0,LOW
13.557631715246545,221.6198612658778,4.263170236188178,0.9716640876426358,2.759857376861899,3.0690150346925686,50.15000309327265,0.021631510216587227,0,LOW
21.18619691659755,207.6630183861043,8.8680786843185,0.6823554658591253,11.194127256094045,9.74617613731309,49.788388098039164,0.37875527032646583,1,HIGH
11.699080365579514,215.48305659041984,3.5051198054119443,0.9029275665566112,3.1855829584804654,4.463939086914824,50.024627303530686,0.046638267019119405,0,LOW
14.552980470549535,223.14837374140538,2.9707914100072195,0.9536739438208471,1.3771017100713006,5.638967771654898,49.997659046553,0.061816729313093094,0,LOW
11.509912956656706,222.35352840288655,3.1824457183049644,0.954306958565758,2.267149214448209,3.5837552661655456,50.05302699263818,0.047153878075928676,0,LOW
13.12992716197428,217.68679664981215,4.473252645946795,0.8568197203198734,4.0512316857235735,5.607299293084796,49.84015503556547,0.03407091327134042,0,LOW
17.06885808788369,219.7892053723047,2.977766497476269,0.9561419707600849,4.662727898179866,4.5034392894335955,50.12773597426724,0.033235011643384424,0,LOW
7.794806374764127,229.51339840292303,4.1714479367660084,0.99,2.129148028569163,2.884017698716838,50.12151899023682,0.013477554663311103,0,LOW
10.28460867300205,220.65476701461702,3.93637206516873,0.9736234281602534,3.0330188054339398,3.801988781751479,50.06284084614794,0.06871096246455205,0,LOW
16.60497755106742,226.8042170920775,3.7250452544771466,0.9484501570686275,3.3003885192708884,5.468666393704345,50.06666103808876,0.03121693280312177,0,LOW
41.52700717212335,194.22255888773662,9.498609495367042,0.7251577878463414,14.84908802358692,10.914455292834274,49.921383884216425,0.28828231075141125,1,HIGH
35.0,191.64783914079158,11.827117739044477,0.42876846764170706,18.0,19.657462420023187,49.54979896613264,0.7336554195373945,2,CRITICAL
9.759131478085418,220.88914823592884,2.7344156278195424,0.9399107805618494,2.0586580005747126,2.6332988919489866,50.09594555566486,0.0737233922909216,0,LOW
10.987920065353531,217.6916443056455,4.3936838098412565,0.8632013459169534,2.9783543807470667,2.4384072789473303,50.08701301600601,0.05882119838717795,0,LOW
11.573403474095382,223.82514717862293,2.3087272648365915,0.99,3.6736550231319374,4.771844468098141,50.1208608984962,0.07447715715389266,0,LOW
9.145181766357242,214.4561209848689,3.1137198879469588,0.8632946815403828,1.2140137399118085,5.543283752269112,49.91976993918904,0.05120523831592626,0,LOW
9.604123372726052,214.28181750148508,3.8092615221578554,0.9507611245124484,5.436474221539761,4.501397167179885,49.85921548410267,0.04149819528601943,0,LOW
11.987484553153973,214.06193963072755,4.340591205702532,0.99,3.203697108314212,4.952602388557223,50.00588101921334,0.055429266132582033,0,LOW
35.0,188.1044456339635,13.744706960855927,0.6008625740590453,18.0,16.357724415962466,48.91181604976989,0.5030485096021106,2,CRITICAL
53.48521252992563,205.87898002826748,10.0,0.577752129886255,18.0,14.687427864697435,49.10874177767486,0.7396087170443604,2,CRITICAL
6.157710648715311,217.25941046018957,2.4419188575610358,0.9250899176438543,3.5035929668459755,4.4671572151896255,50.07068928181249,0.043882684371661956,0,LOW
14.669144435991155,221.16765269157912,3.874389505727692,0.9311493450432199,2.8374109720169307,4.832475702239952,49.954241188399166,0.06324200456397498,0,LOW
12.215975006175652,209.04853230030298,2.5037661481504294,0.9606318878735473,1.4812703010623944,5.1752854043573695,49.96541624341933,0.021734946617090408,0,LOW
29.07762538009306,215.0,6.581862249480567,0.7942147091908586,9.094762297600546,7.8711861535480585,49.598023504670856,0.27128341330303496,1,HIGH
7.286499639243031,224.93839553966387,3.5776960495927095,0.9800476362872208,3.2628339836786755,4.52772048785642,50.01786517453894,0.044649155770895475,0,LOW
7.933424875182494,219.25405419522616,3.2144177197206223,0.8500372789258527,2.8186702498801584,5.486791710218645,49.90194565175182,0.06536667148239488,0,LOW
42.50327563318007,204.9197648874946,10.454521092634574,0.5692808046150682,30.230632327934497,16.537089727218223,49.543011934109465,0.5316674953170495,2,CRITICAL
14.193707682488736,211.46830567867477,3.3471266657014507,0.8548445819136602,4.480450192414176,4.097935639582461,50.16098484043881,0.058603578434458695,0,LOW
12.765204220496821,215.5665218586702,3.8347490120570713,0.880757678202066,2.737272278860146,3.416246849071422,50.012997525633494,0.06958089348656286,0,LOW
12.834984631823373,224.9253138637695,3.3002325416183327,0.85,3.5466414864972546,4.17062457491781,49.97115126993278,0.02828466803593545,0,LOW
10.148546328366875,219.15202267241142,1.7182298752130272,0.8951903806285912,0.8870545610935747,3.5465829123883843,50.04319636904078,0.047711663513464224,0,LOW
15.834185408547985,211.93859070542447,4.717670883884151,0.9244788234407145,3.5130959605089718,3.2004332048090838,50.06385985964443,0.09570014510200553,0,LOW
29.234976786041635,196.1125086113159,6.0,0.8030227675864652,15.31098055178084,10.445154756155508,49.33437607687686,0.3253142335704216,1,HIGH
40.220479107650206,191.81436504860437,12.098542978608123,0.44342600747146826,26.53021775180577,14.189412771942843,49.17967517398823,0.3858127044462604,2,CRITICAL
33.45476520337647,209.94266235690685,6.0,0.8080064698259262,18.040372412900098,9.170443935160403,49.427737887330544,0.24336016293671733,1,HIGH
14.364798758065476,222.96577962055045,4.981726582768103,0.9205600398213736,2.901468188875706,4.371559927151086,49.860839949971485,0.06049697020868673,0,LOW
8.641124329489559,219.6381625003773,4.815781921073173,0.9621550632318298,3.7954324773487698,4.199208116264722,49.882031589325706,0.04891074675340384,0,LOW
12.617194034840484,219.89446713146714,2.5765614227272122,0.9578914964132886,0.6294249647167982,2.931523604650649,49.9481286142068,0.049324438297940726,0,LOW
14.814032328553546,216.21503000442172,3.8357565207252953,0.8967074998590986,3.0803695836182436,5.133777708791843,50.12616808298728,0.050613139731242346,0,LOW
18.230032692863276,216.61153781276101,2.5782562041828823,0.9241649116691766,0.6939455442911471,3.03680215430329,50.04455488968213,0.03365680842070863,0,LOW
13.436780423829683,223.13592550461374,1.7122446255440877,0.9839542264425294,3.063348154039503,6.305534212164999,49.98182699957604,0.04524510469749494,0,LOW
13.943854117352206,222.07665933636588,4.375065912020863,0.9320801937170369,1.4259309232232014,2.3146303614558468,50.13384185119628,0.03642928849422422,0,LOW
9.822841432343834,208.40023994504887,2.621532919798023,0.8732817504520182,2.426199421094556,3.6398947315937438,49.971356710332145,0.048356960152792915,0,LOW
12.573139724730407,222.29500780691885,3.212521093971318,0.972256158249593,5.05920423185537,2.4248130068334586,49.929105856788446,0.09052914609954214,0,LOW
30.38145039726518,199.9310607831779,6.0,0.6722657104364888,19.803541223929372,8.237636436015382,49.76588065580221,0.20691489811939814,1,HIGH
29.73752447063102,198.38419445341233,7.269198085928864,0.7261034760580681,18.53296615886518,10.082667838993306,49.6657046174061,0.235951049810612,1,HIGH
11.687465910352085,226.4493790181077,1.8702295457946838,0.985792477602297,1.416342305400666,5.290946121557407,49.84946577345122,0.020335230674776904,0,LOW
7.2513708227960745,213.67727795830058,3.454608993402186,0.9371091787138345,2.5540965180782047,5.47713527558127,49.88452025274382,0.06979163423188603,0,LOW
21.212760703740436,212.8234325141154,10.965512547627824,0.5926437345776777,10.89562385850984,7.433947163659038,49.67508817270828,0.23932278944752816,1,HIGH
32.01720765901816,205.5373531122713,8.162235762130718,0.7638165148155582,15.729183183975515,8.29091975005894,49.53490626882083,0.2932468201113789,1,HIGH
5.0,217.56715747043276,4.179531749090721,0.8786074495781355,5.60837396880658,3.185183577259573,49.807051693199355,0.02260895802745708,0,LOW
42.45492569565962,180.8806046241988,10.0,0.65,34.67964614010513,16.09476351051927,48.645386014692306,0.5385079910492252,2,CRITICAL
14.321511657265116,220.8869186633518,5.203973380971184,0.9081419171084003,2.024411599213251,3.7780882054500697,49.87791015262053,0.05316288960755417,0,LOW
29.065916220875515,201.68685124334777,6.0,0.7305712859156055,19.09551028500306,7.605159214155394,49.670657003206315,0.16678874545200748,1,HIGH
11.773815199794665,219.6151592606039,4.8504191337570575,0.9518999712260555,2.3654291644102763,4.070204994619035,50.08305241250676,0.043870498893558756,0,LOW
10.603784566437797,222.346350183937,3.6214599520069326,0.8536421238768183,4.081899767653226,4.828858619804617,50.00792149436893,0.01716095312654306,0,LOW
11.005254176412869,215.6552509891042,3.2135034509475937,0.8908904630338194,3.0141164258631643,3.831085162440917,50.02843898506418,0.040667337560833544,0,LOW
11.930439419458564,216.57539272630882,4.241331019792305,0.9309629291385628,3.8511269005741635,5.022636167124291,49.98769877042081,0.05540068267670767,0,LOW
8.157298677357097,219.90512078362164,4.119443212382144,0.9685024219088453,3.76042079454432,3.8727895932901975,49.86073421288028,0.06579740276776269,0,LOW
7.73760512774064,211.59002094828628,2.3613034239413055,0.9306914507721016,2.5468487416809764,2.3527593447331765,50.105454351692565,0.0700545349905597,0,LOW
42.85891938069344,174.32681701844467,12.827722063412319,0.4168460823617077,32.064857731670664,16.182305344452796,49.18249156394203,0.35875968649949336,2,CRITICAL
12.02782522288862,213.52596809423238,4.163154746701891,0.9194298745167968,3.3654701602705352,4.37307904207096,50.0465295443266,0.050484202181239106,0,LOW
8.20366774393425,227.30198296770456,2.6924204436601116,0.99,3.5349887136274067,4.964574269820765,49.890395418425925,0.05954426216943458,0,LOW
45.84145612554809,181.13431807766756,13.033482489317274,0.4694676670991043,37.84742923769281,14.18856968817355,49.1462143940697,0.5828192913811974,2,CRITICAL
29.84860804871082,192.42289446381062,8.532474923191785,0.7413694692941869,21.817041499271095,8.160531614807326,49.772968784425466,0.2772308097512558,1,HIGH
15.197560538791828,229.68449011536856,4.849258426119676,0.9393444877506756,3.7208502342824037,4.834710347070579,49.9195718610096,0.04468028372005161,0,LOW
25.331339722802092,197.24734011286978,10.265594426808022,0.6013210709491325,13.240486570650633,8.771501242208874,49.28322160423597,0.19758856087295862,1,HIGH
12.257227967749143,214.56666826645971,4.125536395265956,0.9141000094363487,3.5189850738601045,3.616368109988327,49.957930329282455,0.058984039736276445,0,LOW
8.35396008214582,224.14092293527315,2.795613771900212,0.8877070467635022,3.0989216267063493,3.4557139202321556,49.87276824189503,0.05964421199714201,0,LOW
14.015922072906736,213.88539267113734,3.366500919806082,0.99,2.076049210011721,4.375656892123831,49.823667510440124,0.06817581318106244,0,LOW
5.65051427036277,218.55513511435606,3.494222838530538,0.8924428053433209,3.417236179694395,4.916981760589067,49.91219581906332,0.055890027595986665,0,LOW
8.484006724876497,221.34199143255475,3.483424504714545,0.887067406906115,3.7574899401708093,3.9013914503154656,50.07908728213587,0.08472315955068868,0,LOW
8.37233929285174,218.82047235947783,5.028501477127546,0.9294810393958827,2.0499854566191376,4.348022612899396,49.98499897254096,0.03835019967259596,0,LOW
13.627356347663659,229.32002957916143,3.5691248371647353,0.99,2.7590512463368295,4.192565325435491,49.887237284402005,0.07663025205685285,0,LOW
8.683844500164128,220.6121220259963,4.528851023939618,0.932027923280257,3.64285975548732,3.845204914485968,50.045006502357445,0.03851735059799838,0,LOW
14.047464850224753,223.02625414057172,2.6542806769117857,0.9303280226748659,2.080667632810102,4.604753945637336,50.147387830599584,0.023041792902532717,0,LOW
50.92676402040044,194.30267409319697,11.148866442748702,0.6092378495939392,27.139404088298033,18.124429794924207,49.49435558222788,0.40461512666681276,2,CRITICAL
7.549758874537825,215.5097865728147,4.76361450787863,0.8629486373234688,2.395498125853563,5.067594572336996,49.9956593810007,0.06374699260903123,0,LOW
15.435115313721443,216.6834058859122,2.869942722613511,0.9209847041193908,2.120575125454651,3.377069577397766,50.21869898335862,0.0008472495530449514,0,LOW
11.510378888049848,221.52258630529704,2.2412699542683905,0.9286306278218107,2.4963349162764397,6.1572576101022305,49.91956639421328,0.06615034830841064,0,LOW
15.317577297719836,218.80913253669775,4.921128027289954,0.9726868484133666,2.2584722786292515,3.706394729580591,49.93105424772469,0.08494795176317864,0,LOW
7.715814455795836,217.58690147591415,2.966703091635724,0.9384970170456033,3.1795307694109423,4.526652203466167,50.12299037190408,0.0684865526342996,0,LOW
14.445420864603319,220.60984142332498,3.239281224891187,0.9134968906569289,3.9502383746329865,5.070830904021608,50.23362680387252,0.04229588084778544,0,LOW
12.817671961461178,220.05251063127423,4.364719390554933,0.9332482608717628,2.9090136027424296,4.263336932394052,50.05500503936914,0.030785754447556605,0,LOW
8.327951397779323,224.90568915873627,3.288948804035297,0.9423381020806896,3.397403424815,3.854132836941213,49.894290677283614,0.028039945195219695,0,LOW
15.796519346215042,225.84295455110416,4.64855754348108,0.9061168479380147,0.938305653426764,5.352675712980725,50.06469991669459,0.059553233623676025,0,LOW
28.63321779573956,198.39354233255426,7.674888388815243,0.7458127096138167,12.963417153266178,10.188040186176789,50.0,0.15,1,HIGH
13.219953372422317,213.5461092602545,4.534119959433124,0.99,3.6510563673993395,4.047773155509475,50.107504036091846,0.05269972670425305,0,LOW
45.58419660955814,199.71497449117626,11.674283674669047,0.65,25.389444325806835,15.292137522460765,49.11493601204399,0.523946848570536,2,CRITICAL
9.972422141693372,225.10872439937407,3.681845099871781,0.9408209822345764,3.0849573177561114,3.9751454129488066,50.126753803496335,0.020361835901596567,0,LOW
35.685387924078285,215.0,9.41673223402261,0.696339046198268,14.663695555495766,9.519857123288261,50.0,0.25082588048087634,1,HIGH
9.282509262717126,217.9635252979307,4.385028839229508,0.9427069615425863,3.394615799532085,4.485940440601478,50.11544233415689,0.08024562469026511,0,LOW
12.36227445031944,224.26272058554764,1.5,0.8795258342756566,2.748250750283939,4.355051691337614,49.93914354294518,0.018103269716368303,0,LOW
45.75340236278591,210.0,10.039390095994204,0.5837124097603034,24.126661296976025,13.869936511432256,49.35478135255149,0.39605105101946825,2,CRITICAL
13.590000304437627,216.43063668271836,3.832628130168876,0.8963083412075117,2.933734106439888,4.217110992326181,49.939496377747396,0.054702860321167876,0,LOW
33.51022389706061,206.6004428568855,6.0,0.7637843103535854,14.450819866288155,8.6638928628113,49.77001147350237,0.27797914806976964,1,HIGH
15.555053262879103,235.73910641620995,3.2427107353378366,0.9335740946147048,4.288493309316702,5.077873176354943,49.98898977257503,0.026674362331381245,0,LOW
48.63994033336252,188.48292012729232,12.26029413312643,0.65,19.87209879801061,13.30055798309313,49.7,0.5888570815427236,2,CRITICAL
15.02610676013769,216.60698465139274,5.03294852822138,0.9568421661900374,3.73056969686081,4.9659799725026,49.85872253423666,0.08472387056489478,0,LOW
14.289450047254789,228.87385722512025,4.482608659481465,0.9111680556224852,2.911992337898118,4.643148804876185,50.18277423350704,0.0642783491979912,0,LOW
9.369536938925673,215.46529987588718,3.180088766226947,0.8986219602031661,1.7887457805548672,5.61403232829546,49.93188443524081,0.048775862225492406,0,LOW
11.790462756828374,220.52470668141052,2.674032571712806,0.934873689077335,1.6868999405138234,3.8784861016372374,49.910439446833564,0.026337365538674985,0,LOW
10.151496840898359,225.03547473752303,4.3230683467796585,0.9262994801311115,1.9126232934435208,3.6467934147718033,49.96135180371345,0.030543849563355638,0,LOW
12.698890333589317,222.38494591339241,3.3861209101134206,0.9590510176543946,2.329982568209467,5.830453589123182,50.10519498535733,0.08431044885653341,0,LOW
10.856824385253297,230.03513617190595,2.895747280186151,0.9274709920237895,2.5192614884145255,5.481636880596302,50.11505857629508,0.04677956244054241,0,LOW
9.689822414762773,211.41570240629318,4.576104790110441,0.9465100457715001,3.6192249185986123,4.431402673548558,49.983644868468225,0.058052128358944,0,LOW
17.586843484808767,219.8332790089334,4.7960011653637435,0.8938432094926977,2.55565839041731,4.962335415755107,49.95187794149935,0.016984455136622265,0,LOW
10.423127922623408,223.3296657017265,2.992897082433603,0.8890589880262053,3.193638481393958,5.1293119029373955,50.033303416377706,0.020280261486416918,0,LOW
15.327295907932918,219.06934608217995,4.006191075180389,0.9283136589267486,2.7514088495446134,3.629348159182438,49.86395486752014,0.06528677453584512,0,LOW
