co2_ppm,co_ppm,nh3_ppm,voc_ppm,temperature_c,humidity_pct,sensor_drift,label,risk_level
295.3357545741398,20.08296914289022,6.546957409724778,12.699621560195567,20.078529784433723,40.019764067061224,-0.03233918800329892,0,LOW
299.88642976215056,16.482605195323057,8.252009473338799,13.865261592170892,23.350062020265497,47.38438098933598,0.011683381467045804,0,LOW
302.1646600529637,15.096425444814605,7.660597873351961,4.732003600341846,17.978931375936387,46.45302697040322,-0.008551287291842498,0,LOW
350.7171965431953,12.543334253323387,13.482163954456528,14.330888310986554,23.88638888083091,56.00959284699897,-0.007600761243843917,0,LOW
242.65529279960492,0.0,5.511170218821128,10.744487059815437,22.71047835036408,47.20323168867107,0.02435450374902273,0,LOW
308.0781450488508,0.7063399090553766,15.735173940752748,13.889854989973493,22.26360291124218,41.1253617525784,0.02200741361394446,0,LOW
199.85910831733946,18.175930435990722,8.594508381211323,17.143904598727545,22.651819474685873,43.00978146896074,-0.00927600882702869,0,LOW
313.4044498365831,26.230571136532454,7.335368632201071,13.14385014464469,25.382064284927267,49.719822151042564,0.03786097770845087,0,LOW
314.31903525028616,23.847946959258387,5.660503460267997,15.251245027891821,22.845867602182473,55.30693938024733,0.013238951788610334,0,LOW
908.1747907153236,98.65801197436396,90.92698729097413,88.40645659552258,41.59950311691282,82.04190345123168,0.16610679470392387,2,CRITICAL
245.8782428970568,4.628221375401912,8.868924779242098,13.487555355927775,20.848597222876762,56.25675571596154,-0.010714297455388003,0,LOW
235.7181727182605,4.751446345233344,7.561063273479265,2.643909419695065,16.443514433796395,51.730071396522256,-0.03216371622423083,0,LOW
743.8982648971592,50.40074581732623,36.13799565340297,55.90490807169541,25.627435331904806,66.58158112412984,0.042095682494628944,1,HIGH
232.16641417643842,14.545734444858468,3.62670456845047,12.30234224058684,20.081489827337574,60.22407225360472,-0.0020059533488681665,0,LOW
333.15842361747957,25.873764802364896,0.3674783470989329,10.900321023668322,21.07990813652219,47.61563649019698,0.011534167230868033,0,LOW
291.05096717314217,6.340582420893705,10.451861521898396,7.075025361377791,19.58115453794595,61.23094630441539,-0.011533969778550044,0,LOW
807.8095010737638,113.26666186109799,63.84951571622294,61.922414208382506,31.629301802834405,85.03476290877664,0.18027416913969824,2,CRITICAL
365.6659040348185,6.675648486739725,9.583735497723294,9.252236894349586,18.340372765475436,63.0824660687991,-0.03044398550382857,0,LOW
282.6618326343682,2.4921764170504925,12.534721915026807,8.425617190512451,20.151852923331624,47.117145418726814,0.002298678231620255,0,LOW
716.0394974393431,60.877540082243605,54.50943482686692,51.094468074798435,26.421052569224972,55.24431170431783,0.029053356208022827,1,HIGH
807.365344268259,108.32032539160645,71.46171608252685,60.0,35.37210536171793,65.44688491180192,0.11760014769688158,2,CRITICAL
862.977088278577,85.15754708422864,85.31329559229958,64.08642316658828,35.51182169095084,72.1798551806479,0.09229833417120668,2,CRITICAL
299.20573613566444,21.534206937606328,8.975009921606592,14.24989170673274,24.1745640146686,62.352473883102725,0.024657274866180186,0,LOW
289.37603570794784,7.633196817526979,8.005359387017947,8.356947573702364,24.724188530553956,51.50081130345024,0.012775187633519541,0,LOW
262.90989414653865,23.510812261874868,7.950722828282755,9.001252754405677,24.965595588554386,49.655251349653675,-0.04063239137326054,0,LOW
885.2074070819892,109.91558585762786,57.38738156668202,84.31015938603512,36.03527629516695,61.84970894462246,0.0687187946799302,2,CRITICAL
893.6174339980885,86.75853062902151,68.0895682941431,60.0,30.693607237466804,72.68553202311209,0.06195676274759116,2,CRITICAL
226.94429129041742,16.882208892706107,13.769219164744978,23.148659207047743,16.078498390423107,59.79585341155973,0.016474418540875845,0,LOW
331.9691319114426,22.161479855773486,8.410212734905068,1.5779892250576282,20.519795978851963,32.855141045038785,0.004978271973500591,0,LOW
281.3112837150504,17.225149811637017,7.340248898415125,22.043776930925695,17.949702645620736,45.084591738428344,-0.0005127812069534843,0,LOW
804.2711860836324,128.8328045836065,68.77871297038284,92.50423861158932,38.04663402270138,55.0,0.11923616572926171,2,CRITICAL
253.15438890413677,21.222139112679404,8.246818536201472,15.746114636004272,21.900115781449188,75.0,-0.01888845756806183,0,LOW
668.2441601670034,75.30319890976654,51.27401339464686,38.21457240099812,24.674691398191886,90.0,0.025344941107773387,1,HIGH
230.97576944931006,7.8024417080979696,10.46725679875912,3.9736437643371616,27.118275274382917,37.83396284710595,0.0036582946025741016,0,LOW
310.0180478322583,21.56422780333935,9.37841961900143,14.101133547372928,25.79361942801411,54.34009823450107,0.005623463312869589,0,LOW
239.45130534238405,13.498632072572383,13.526830373511189,6.1758595176948,25.88052990537811,49.66396560043858,-0.009246794110425739,0,LOW
661.0209673702802,40.30020551476552,22.30910385140188,75.39657901494417,33.89225425159165,67.82143931781998,0.048452964815713595,1,HIGH
228.97254706648312,17.781667619607656,9.115457138588955,19.684828269588223,21.732038791897796,46.57847109267953,-0.009220525611616763,0,LOW
266.63506237196754,19.304275519426007,9.515370413833578,14.565999055385905,24.882202922783392,45.65799566741114,-0.026617545052269813,0,LOW
303.4488932543711,0.0,8.335924013257817,9.764211713350267,27.394863102769186,53.79687580613984,-0.023777603071952102,0,LOW
215.94888251524586,15.091563512731728,7.957445293527227,11.403169003615616,19.642070176205934,56.84037913117381,0.007695370884099856,0,LOW
276.811271563744,18.63172463446957,8.154324491923669,1.3540105539999114,20.40436751817173,58.187639503474415,-0.015239830476539807,0,LOW
904.8663753601434,80.0,56.29764306732621,79.53154081598369,29.78900567945958,82.32908557437534,0.1468761460874879,2,CRITICAL
341.4302396798397,30.0,10.52792593504558,12.47091529116156,25.638651075169467,50.17334629151307,0.019887009362486368,0,LOW
247.4490908700849,0.35275339321975707,6.480773952840419,12.432527709607308,21.948886331987612,46.030861587622084,0.0020494473420631346,0,LOW
286.3415876430686,5.864494190860768,7.116130728854584,20.100351545680255,23.093575113978407,50.53752562990502,0.004234275683411941,0,LOW
292.18868319017724,13.563108689348331,4.619818688123395,5.387294333541605,21.835195401391246,45.48049020146492,-0.008921387569176676,0,LOW
311.1116774171579,0.0,5.688423567689377,9.554612659405382,21.24287762504655,67.77182840257724,0.03151355184341321,0,LOW
624.261752501863,81.51840577090779,49.09906217275028,30.53557604301804,29.2824598922177,56.99898979751773,0.02371821607668265,1,HIGH
328.9016535469612,10.244797182410117,3.3516819490628516,14.054912884504377,24.285564322127392,51.29929854166074,0.03099781132258252,0,LOW
243.22190855993554,12.72508929567924,10.897130709824912,10.125276550754323,22.405370355604248,30.22250937632872,0.00655492939903899,0,LOW
263.56291076665053,12.649768638782962,8.917926861854426,10.41280722581159,14.690873010258032,31.37515247375205,-0.0017391995121204182,0,LOW
224.93255409774764,7.471023232600333,9.793296263892637,6.626169930911431,21.907502457747448,73.37845119172165,0.010843905714485121,0,LOW
603.1360569684708,87.75847943058932,34.72566645816276,34.70134462258588,28.996190206246197,79.58578899797232,0.06640001097849454,1,HIGH
338.4577716896881,1.7859268145658618,13.25923148602362,14.311062445053123,21.097706245459797,50.36805499096955,0.014259948506901985,0,LOW
254.4448860702663,16.281524746536604,8.055940887461169,8.857576349316052,17.29846872824366,55.83108135657743,0.001791855347368693,0,LOW
322.63920923150573,20.654797127192406,9.531542945540197,16.57965151139799,20.524757740809594,46.35622707106758,-0.03469952164090866,0,LOW
315.1380120522909,14.446896522190883,9.09281609140849,6.0232051285094865,22.97203757256994,55.81850439307078,0.012324707931066256,0,LOW
197.9931159587591,9.907077735182114,8.011973164799823,9.096742986272076,22.277062114763375,60.80856204950871,0.02357909157183297,0,LOW
305.0236157586935,15.050712498898147,7.586319545701466,13.818490751714814,19.82195470689707,28.43991993940621,0.015242984839173721,0,LOW
866.8478338030095,118.61117181794074,56.51449140934843,92.02183674828588,32.368641037332985,74.58202772124487,0.06754701234793603,2,CRITICAL
289.28679558505024,7.780615241659899,6.17411542310111,7.731203887062941,26.237539209883018,51.382051293532804,-0.006947656671970635,0,LOW
310.0347595492504,3.026890480773389,7.056682551300589,11.058079363678083,25.38697330288605,50.11716417719365,0.003592933615601071,0,LOW
825.7634619225503,80.0,60.84308479633728,78.53042676819199,25.0,83.74342428446387,0.12356252289229469,2,CRITICAL
267.6261384111905,30.0,7.888070173879128,10.90985435947789,21.15819865948581,40.84875340520499,-0.005601372537617508,0,LOW
306.02371151298803,18.423123525559337,6.6562430998394095,19.759400600612445,21.388654416626355,52.94592842558379,-0.0025947240637700644,0,LOW
834.6898960514226,80.0,74.09130632697271,96.5134190660732,29.29562334646949,94.40866939181869,0.13179216691329662,2,CRITICAL
314.8571511179276,23.537779332575866,20.0,9.939253107715162,21.64249348801624,56.60442566548437,-0.007522083811191646,0,LOW
237.50342352561748,19.636489139811818,11.222714556970004,5.763412651529156,26.43483680714818,40.974934935567084,0.013285846041112713,0,LOW
282.1741434156153,4.997475688614829,12.030043083946236,4.950151484580621,23.63596978590118,57.05969746698816,-0.0021707326537031336,0,LOW
257.16225353912824,6.879456754169471,9.090581053728515,9.091393253988766,16.670805110973117,49.62750747447873,-0.032381436402363295,0,LOW
292.1746691612104,24.50180074609549,0.0,16.19961302566399,22.284480579191126,48.09928327099255,0.012951482061233715,0,LOW
235.50354112066327,18.361508789799498,19.236843444918012,4.7143104354022185,27.42674362624831,68.86189158556081,0.010173190860361976,0,LOW
269.9209048717246,17.512617790958394,5.6156444013753335,8.918534559039461,25.07353802628007,54.46661515278903,-0.02558993591827796,0,LOW
252.10304706798894,20.485992282197294,6.554918299986218,18.560126311099573,25.076044102773267,54.049823189246766,0.0032383873457013613,0,LOW
277.5470261668461,23.393388971530797,3.6106493018118258,10.941330987278029,23.857315055394558,53.69358059699904,0.0042172920417617435,0,LOW
282.1262139031147,10.818250430642557,13.780503827706134,4.864317989068795,20.887665491613816,31.536629888795197,-0.0003980334181317071,0,LOW
272.3478270047354,7.303271069266982,7.813650918642643,14.967773474527833,19.90395869204551,48.03995702154984,0.00032258830552007745,0,LOW
873.9845265298766,80.57621714561442,67.26965266967554,67.57076064844452,40.67729492510301,77.36324282028201,0.09093844827266495,2,CRITICAL
784.1537463183527,80.0,57.574184954381295,80.6001307706188,35.92105094006248,88.62458244000213,0.12232305106225938,2,CRITICAL
277.8486979672672,14.30324663157992,5.151591832484245,21.56477403865876,25.29757466664344,52.24297307181594,0.00778075180867526,0,LOW
265.47784613739714,15.732161425385666,3.555580396329767,1.9294870256735521,20.386565960928582,38.463250836002395,0.004348808306065225,0,LOW
880.7792643930644,80.0,50.0,60.69974550440979,50.01709180265314,86.37956769400049,0.022982281207579475,2,CRITICAL
261.8006607863688,17.09628649659505,8.892488073624664,14.024275438178545,18.113976446601896,47.00346935944634,0.029468261628835125,0,LOW
272.3739576997936,24.02415085879442,8.012434200742547,0.0,25.08071723896186,62.57778950869443,0.02579859397236482,0,LOW
306.61540435891146,23.68229603556728,4.667853108815954,12.84853272571406,20.395565985344327,51.95103973142888,0.016306321443432664,0,LOW
332.240069668273,0.0,9.853479224130748,18.1301695495534,24.42758419555952,71.21143402633668,-0.01982212631174701,0,LOW
641.3926417387521,88.89195584520456,20.0,31.49930462034775,28.020664413274332,73.98576663178973,0.060213213305046365,1,HIGH
349.75738104671166,6.719375087674873,3.39100463489293,16.478026216571728,23.655576314593876,63.68784631903563,-0.0014953784312945562,0,LOW
327.6457181235546,18.101625130096117,5.653659659716397,10.046611987004022,26.275986830410915,44.53462206971622,-0.035468290776193616,0,LOW
332.3820273944211,14.362163489145532,11.418742920542247,11.234870618968934,20.318651593590772,57.90340581784704,-0.013221381916142803,0,LOW
757.7939774416237,88.68421375632786,71.68244575681547,68.32226121815562,27.172472959668525,80.50433510934785,0.02071983126998722,2,CRITICAL
319.9929698764118,20.920113890434685,6.98156732093588,7.917124462722125,21.187319118787187,46.477349650502305,-0.010670390513657587,0,LOW
352.82584630587206,7.616908464837859,7.2632970139391135,9.877686451090511,21.834693702873132,26.166112970426383,-0.011707570039460869,0,LOW
839.3798745935457,73.5636970563437,33.043776691923114,25.0,29.14730182229215,65.62198518791416,0.028638375014511105,1,HIGH
303.6362529117342,19.130380576811607,6.463016348477719,7.983799540241474,19.272691334189933,43.08230256997687,-0.009397304984391454,0,LOW
261.22390639189103,8.764140826196643,12.979789514585782,5.368019483407256,20.38505139141526,49.04714212986065,0.0021421006001894334,0,LOW
307.6194141627107,12.285932128927877,0.16563423841187586,12.116776580572777,17.154847328245637,37.13869963291209,0.0007296151122846297,0,LOW
710.2805690082926,34.985507634697754,48.83720361192999,38.92002111340317,32.84704895374102,88.66635142332576,0.009138475074420435,1,HIGH
245.6283014846705,16.58232065553482,9.245811337213759,5.109953615760669,23.596388121644313,51.592977838296406,0.027135263149279262,0,LOW
233.13733484698633,11.876288404297519,9.75004899447948,9.033899075648204,23.984134569675124,61.65672089883819,0.04785353446036483,0,LOW
864.0812789361381,34.89561161165959,21.786359283547306,56.37375429066208,25.64589171112232,58.68191964180662,0.07070274245526187,1,HIGH
278.00296356054986,25.82868711655518,3.4422839956337015,18.624778396908155,19.719429734143283,54.7660296732398,-0.046541995938906205,0,LOW
326.84988373869277,0.0,5.000746646861931,10.829372313585438,16.235486408354085,61.4025328094428,-0.03469222993874391,0,LOW
252.04278285685015,19.38991055091301,5.256589295293429,16.90739874654058,19.410443012967168,52.60754384141167,0.03454836573256202,0,LOW
268.99430995093263,23.609921259731085,9.346332506421739,15.872473519326856,23.165422602554624,45.07140231104441,0.019918773696445163,0,LOW
218.64554380335449,13.039514790474382,10.456396708450495,8.876982958924104,25.213913616788847,41.09979250236397,-0.022240885087184022,0,LOW
268.50466553803295,0.0,12.182129099158722,15.727494532624913,21.320636246367584,52.77289531210847,-0.0008486762015821643,0,LOW
305.50135243590785,15.466194647483572,6.947706302174589,13.546957850784725,20.789223644441996,34.474925266999456,-0.02603869140327009,0,LOW
305.4060378725762,11.411486335773166,12.661230142188707,16.3827180204076,21.356874670884658,46.21960708268523,0.004893638509746999,0,LOW
313.5250627157752,24.182501285868508,7.648493030337518,15.289440052165897,21.431333465382163,58.4630406230773,-0.032438502536604186,0,LOW
600.0,36.4750660527277,36.191239293662775,37.44385514147527,34.338117804019525,67.91173125588634,0.0733042309659544,1,HIGH
231.33759402475488,16.264952679240874,13.15377699727301,7.20286123429066,26.81268731405504,50.84661280732764,-0.008055658822124794,0,LOW
265.9146579804708,12.135866495404567,8.116439786306676,14.619754770963354,25.396156865242535,35.281876486758144,0.02267578545128024,0,LOW
873.3164386085208,111.85428457095176,72.94726108056209,60.0,35.52426064664041,95.0,0.08477610961267365,2,CRITICAL
210.2165605210323,20.00068160998523,7.395009413014496,14.816565367582124,26.26631904977067,50.13355591543673,-0.004431923399962054,0,LOW
353.47654113285256,1.1546271559422543,10.17037785316784,19.582200502947018,18.64508254838037,42.55376643561437,-0.010272725214298202,0,LOW
273.4933631782037,6.092895664625214,5.768914616042306,0.0,21.22388229494281,49.09807586622612,-0.004279062877216234,0,LOW
280.8740858209377,9.493021742153925,10.11765362850289,13.880221848113056,20.414721606653423,51.07534180053634,0.028719880355354284,0,LOW
253.37961170845222,17.89537483143075,15.014764106804325,20.41793104769011,14.757676446906888,69.1644487673541,-0.019432375460259197,0,LOW
271.04564732478,11.47478062744206,9.359501444770816,10.913869208906618,15.676931837156792,50.92679446029004,-0.013691120483596013,0,LOW
343.1636502564174,25.689488800097365,12.41871686161012,14.780376369115753,17.959592353661304,54.81028664763655,-0.016316532959688653,0,LOW
311.29401369670643,14.230568504613341,9.801269112175252,5.659930415780015,18.718788814849987,54.19464892853248,0.0035140091232969983,0,LOW
260.54768363706677,30.0,3.350284879440278,13.763136019585861,20.30308375493488,39.24427713856984,-0.041700565933597555,0,LOW
256.3717194414605,30.0,8.81110019300947,7.355054164347102,22.172230214314474,39.224386711326744,-0.019724802210331953,0,LOW
355.0737844512668,25.90114111842673,8.144239707191181,16.605753731973962,26.67644874339726,55.792819713209326,0.029324056392513637,0,LOW
900.0,30.0,55.314001647785034,45.679589857570534,38.383556629295114,55.11043134392628,0.02246873076499222,1,HIGH
305.75755173107433,9.979299708504643,10.535641510934969,9.541721925172578,20.771053214895993,56.04791582550568,0.004094133720410599,0,LOW
338.53211564878245,26.64036461016569,7.321120814318487,13.464669117486459,19.17840935349635,72.06525307140402,-0.0014002571762560079,0,LOW
259.268806305349,6.04371299783579,0.0,15.086407902461293,24.197283429288515,59.99674019871989,-0.025288607223544275,0,LOW
263.7433993446154,18.797576707705616,14.245752807214293,6.386157838645025,19.507690355183993,45.06531790846124,0.020551621411076436,0,LOW
222.15768582446182,14.311194785431612,5.511329198982967,14.019770103678058,21.660494770813308,51.98578620681517,0.01609761131724758,0,LOW
854.2685690801294,90.21268955128515,55.30269091637579,60.0,34.07732004154131,71.96798383289503,0.10201682027773454,2,CRITICAL
292.65977046693234,17.17895804219392,3.541532147728293,17.625219608540128,20.314580369423233,39.09552747449523,0.028719562496035515,0,LOW
296.57637733103985,1.508254790127184,8.8464389311802,8.010586181907524,20.834100456799547,49.050346894073286,0.009604823050235333,0,LOW
339.79765244937585,8.234711737861222,9.699863589744597,11.807308690782937,16.7205528769136,31.897866789131836,-0.012091972323590817,0,LOW
264.6725071545605,29.570390806504868,15.177480218401435,9.287210899440876,22.82152719492537,40.00855108668988,0.009396498464099328,0,LOW
262.86688711347574,7.894929170130781,0.5526193870299538,7.495515023477124,22.577263353304545,36.66525681265799,0.0020187358347030925,0,LOW
241.64469596684006,25.621489058141535,8.97641755591341,0.7510811102419623,16.669040082021773,43.39699883978011,-0.012641716456178217,0,LOW
320.50863271279314,1.3547822718758624,7.758992614394852,12.201282510002315,22.47169853030858,57.89366555669705,0.002375930798058037,0,LOW
266.0509971100625,12.654467306809906,2.631299334516372,7.819714425771064,22.671902285120343,59.64550682239333,-0.00881015721695987,0,LOW
244.87390532284996,1.5152214609215342,11.024992654519224,11.956026552572142,22.119080579792687,56.10844916410854,0.016543455992424443,0,LOW
827.5561189859808,152.30865601874694,60.28486779960162,84.51719672633105,25.0,70.01062450038054,0.17805932665882412,2,CRITICAL
212.5066226416788,12.5306155556287,6.753014676710212,13.288202104605803,18.25282008796584,50.945925329577,0.021813198721762645,0,LOW
240.5257168628705,6.170074417743942,17.780520580235667,10.023779274982642,24.01634294528931,26.187326598780793,-0.016536182107861473,0,LOW
286.21717310673864,2.0747332854345757,3.712149790839123,5.568033324581514,21.37290323191774,56.084517364296794,-0.00799097883176857,0,LOW
273.8188207172479,3.1557078994798697,0.0,15.912794128575797,25.52651972952634,49.30201214237862,-0.008714601763334792,0,LOW
287.06293433814847,17.151307581428807,9.639313829314771,13.952652981597586,25.665185998652777,50.85993480747625,0.030747151037956045,0,LOW
269.3445003996418,14.859497388180433,13.816200725829834,8.376944742411379,18.746168132691285,42.15220752844009,-0.014001680592917778,0,LOW
617.7804033912552,55.53639458661642,33.74955584140116,25.0,20.0,69.9546967426688,0.055313594900150906,1,HIGH
227.9128197255073,12.873289664676967,12.399918601368334,8.628937691377455,26.07436328760178,61.226782545637384,-0.03294992598094877,0,LOW
289.30704845418813,20.346608144863975,13.745207026253164,10.985290281623149,20.248958929581455,50.62698303236714,0.00021965785164802646,0,LOW
288.7475438691605,3.1851374652341455,9.461897890571338,12.339933130255444,22.16037373785242,40.056648915048804,0.0520725259750082,0,LOW
294.75003136329997,23.71373997368634,6.392029679483181,2.9469066000980266,30.742733945246258,49.71916924895968,-0.01489965877451283,0,LOW
798.7410402777912,148.3573143240247,62.073351382114545,61.433517384219456,32.1354986434306,61.18836068509226,0.1537861483747096,2,CRITICAL
290.81372957126905,21.84015459437823,13.891814288758297,15.857666298809598,18.39191024229691,53.23990256272145,0.006630833902673853,0,LOW
317.62258865564854,11.850070622203424,9.517120137460651,11.488016466944519,17.73470905196628,52.51854415295005,-0.013951144131926161,0,LOW
273.81977283000396,10.088185588856824,6.6526721294376285,16.855695034114557,23.45194688185458,43.50737080389864,-0.015424603324692776,0,LOW
900.0,72.85178445580229,40.312232285925816,25.0,25.79154102913503,74.10023639172879,0.13015290139270055,1,HIGH
212.6852091353678,17.51126569166043,4.071922320678798,16.996681662372445,29.16085539872177,35.52995423584984,-0.025188261334122667,0,LOW
297.3769457418343,2.512333176044457,4.992976608745999,6.099996107663705,20.25711943440555,53.90454932053882,-0.012029216231180117,0,LOW
319.5833573837941,12.192380942256175,9.408137887211698,10.42412805057388,21.04813982424268,72.34386246197681,0.020787380898371066,0,LOW
666.8714164048923,43.767211321005604,57.99664069614839,44.09433632295083,33.24014788808626,69.43647110766956,0.061400698971458396,1,HIGH
297.2328401203153,18.14261974607935,0.0,14.830938792874164,25.233530067235545,45.21916942246175,0.03644110442685685,0,LOW
764.1656697391026,41.97490121360352,37.21982777676271,27.477232708427472,28.770399960744342,71.44920625072804,0.03928084819199553,1,HIGH
766.9247540130744,94.67567538719237,62.48273193025143,60.0,43.51449748997746,85.9552241149581,0.08438659026966736,2,CRITICAL
301.29236742213396,21.428680155028815,8.123669112130795,15.643571170371729,14.967106318633968,55.651533788097694,0.04213769466556293,0,LOW
267.3502963062567,21.636152336192584,3.0231764845565223,7.6024518567052874,22.585789094439317,38.8906890478428,-0.007091750945027162,0,LOW
871.44826955636,88.88888171016679,106.32768292290424,73.09686265514205,25.0,89.61799167547305,0.10807623260769234,2,CRITICAL
313.61232549829583,10.523421711604083,8.2796783239793,0.0,25.0747650793762,42.01846642245166,0.018105188029879093,0,LOW
246.39374092149887,6.441980709682481,13.709941134738019,14.852685180692427,24.92145721515193,59.96554884498404,0.00552828728507509,0,LOW
319.30958044092233,6.741898635377305,16.97168124961194,9.46447359785879,28.802932611697763,41.90546270902672,0.016791361815485042,0,LOW
905.6829853370649,93.48569160771058,54.777453137449875,60.0,50.858082401164715,62.876317069402745,0.10885246737549563,2,CRITICAL
344.07115565283664,22.182523267284385,13.453714848342795,4.574722604362821,23.818873468326125,52.150981358190364,0.01110480148558848,0,LOW
282.88518030855477,21.326448973520645,11.949620580185602,14.827302095845464,18.961948445835514,54.89383938938409,0.0024748002882278033,0,LOW
286.90351670888475,3.361420117937687,3.8336494695149126,13.822672445166312,22.890747612208337,50.51698321428615,0.00762542780161951,0,LOW
313.6728026756025,25.805000967621254,4.008592067023898,11.93530615948206,27.089760048912552,65.92912089122808,-0.0032752820824440334,0,LOW
288.77530005455424,5.749218717877337,1.8771389709731743,0.0,22.28631711546321,52.34431116482098,0.01935997609107729,0,LOW
247.48235618758696,12.972979448415881,9.157436627828444,6.838014902225762,24.013684034841095,42.805184540214526,-0.0009111625350908175,0,LOW
313.7754076194128,28.45453295440659,6.545666838772805,4.064508496008791,24.389632091559992,57.88907883383239,0.015397919625495289,0,LOW
187.59586253469422,9.031213946779893,14.12711556240421,5.067788733649034,23.172175078266687,30.391544015304675,0.029591807473018702,0,LOW
244.21091924176693,11.611147148313293,9.410880652105373,21.3115878069744,21.022905669778815,31.43688432885543,-0.01645404046158202,0,LOW
667.810822845696,50.82360040698355,24.818823884813142,33.06217924085762,22.308366365195287,65.5358993715616,0.026705767755549087,1,HIGH
295.43386210226004,17.794804980483438,8.907144184436541,11.186005016836965,16.514814065675495,20.0,0.007309746900770095,0,LOW
832.8577673545082,110.26010372263063,67.73937715151766,60.0,25.01897760684966,66.5389786382267,0.182405608091194,2,CRITICAL
240.41847519872545,8.39016426908838,11.545575838271809,14.138981991235664,26.432180994924007,46.67831470160995,0.008154567392360777,0,LOW
339.2582219063589,0.7311109622865324,4.556633285905719,8.825934180142717,23.455281605491336,64.80099203713917,-0.013880866477152838,0,LOW
261.5059282934173,30.0,6.372225004909764,15.310407672908763,22.005998069245262,49.67662881304785,0.026450086630462447,0,LOW
316.63610169424055,6.725535586604808,3.0607476523540855,9.905756280374808,16.141553409855256,57.903934769661724,-0.03336069199778193,0,LOW
273.7344840936764,19.387423366638394,11.697431028749737,18.228174800859364,19.246739387747457,42.61623419122892,-0.03619233937834459,0,LOW
874.2561279434791,82.51018349007798,50.0,91.67573090585896,43.84805033202229,89.40812598004263,0.08668014624037457,2,CRITICAL
373.1061240138434,16.622378215182234,1.5991766038260904,5.688053505714173,24.309570679166065,25.607503614273845,0.052694815088300005,0,LOW
734.48697104676,30.0,42.54861892474043,50.315382776766725,23.3288046792602,58.73313824548992,0.02273006916458848,1,HIGH
276.1085360634604,9.289001407708128,7.082829385790768,11.932921065375956,20.151421780027917,56.312747301215765,-0.00928760784390897,0,LOW
210.90718307230605,18.72064167600245,3.6950191987249275,10.262382939032404,21.50813949991901,52.113864750482676,-0.006142541461715709,0,LOW
380.0,16.315125623818417,4.177499330394408,10.46717189356471,20.84634966994625,49.45295563150729,0.005824104022629868,0,LOW
263.3857095928126,13.726521028959514,6.577206737715861,23.54922211045039,19.67604443121381,43.05736237751931,-0.009742271216303562,0,LOW
263.0680675182339,12.710010131554466,6.366445490981095,10.02713574065303,17.854152905909103,51.31873813121152,0.01531910905452466,0,LOW
213.01268221182573,17.371344006469275,9.910117349067182,5.54058865884155,20.030887319355674,41.532559071159795,-0.008672549703083754,0,LOW
247.1099993083872,10.550464329207,15.206967790988585,12.810297795314373,21.734158164240498,46.1221204445071,0.03505295109101878,0,LOW
961.7046540398866,90.60873142221384,77.02912097479782,86.06203769900661,36.09281826410161,89.21075938069784,0.10062892511759167,2,CRITICAL
264.73048424006686,19.646216762638375,3.312113628396821,15.979193276098869,25.685262436840453,51.58448050499735,-0.0007164949333191095,0,LOW
228.50309674903878,13.863974284739829,4.5631759256977205,13.450201982417676,15.886814476795847,43.794813793513384,-0.003128429582865972,0,LOW
243.88291287651896,20.91530137840758,2.5410333911937384,13.88473892847686,21.567146864439234,62.472114211424504,-0.018830752044596024,0,LOW
247.14453283102455,8.875717780562297,7.56109019322284,16.310000252060668,18.828535377585176,56.334215410273494,0.03364767170680197,0,LOW
273.4622840590195,0.8003035228629738,11.295012527504728,4.950902855260948,20.670963540275597,41.86609587653324,0.020765798579676382,0,LOW
245.8702659776472,6.675311579900535,7.981468111102619,15.27329764223893,19.371670227316127,71.85863766417626,-0.01633586358540512,0,LOW
285.6970294428226,19.953368935803148,0.43221498675235814,8.881996553708937,21.317741762068348,50.564966919932324,-0.01815235012201201,0,LOW
777.3621226618926,88.00839831130709,56.08103413438119,74.43807414024181,41.340059293380854,75.1839421557132,0.09439180499447081,2,CRITICAL
245.46618941042473,20.117011275983216,0.0,16.04560655495122,21.14090159240447,62.092645684253775,0.015002965264646673,0,LOW
265.27004172847876,29.782600103648363,3.0329778844864297,10.372274942402342,20.07537183765146,39.634180251303434,-0.021147734893265584,0,LOW
270.425774901079,28.03149558099193,0.4768062881037691,17.95206781646872,17.984852766028467,57.725398075827606,-0.034229463194609185,0,LOW
327.0964755591077,14.890825665637626,13.94959315874345,12.339565845846678,19.658699636066647,58.26407309893258,-0.0010125622611398203,0,LOW
293.11981934856436,13.391162763849357,12.967839987255244,6.092604660355899,18.772792124064303,46.938809515400465,-0.0172396471062675,0,LOW
311.09350304246976,17.55520211032983,13.888058265960534,11.428950541110815,19.92419891147617,38.17549427793563,-0.011718364209031698,0,LOW
322.7388622395615,29.281347216577046,10.791267356000018,5.120432056992243,22.645907889824535,38.14815419467682,0.021580192784722264,0,LOW
251.8130694852047,15.311305655211678,3.766875796649451,6.66203115477557,28.642457847375734,55.88703278215151,-0.01287122249901296,0,LOW
289.12913320555623,10.732381222682204,6.5422469909421554,7.442781884313549,24.021383181003273,52.34298360376898,-0.0031026626236118687,0,LOW
312.55054759864845,30.0,5.754067892868465,10.172652029428875,20.038110599089233,51.975562825275034,0.002277503882840245,0,LOW
250.83664649025565,12.51612819043245,5.888329450702746,13.184743057729749,23.7359849014455,40.76520220066696,0.022804189578734712,0,LOW
215.90961835764298,29.380489333157122,4.799153213592598,14.751012480132204,22.093141601465664,34.67135121647293,0.010021708652449316,0,LOW
342.9341960990097,21.6864631705147,4.348488053124691,11.046197698327257,18.806581761621484,51.268669762958424,-0.0047923431086929385,0,LOW
275.442101693805,10.728798093011562,6.69495197990784,12.132926706630494,16.704339054091452,45.3744428367542,-0.019662038553165503,0,LOW
305.73307178756176,10.835292697156712,11.067291487136975,15.013262231532494,21.01808370923493,48.19692977150466,0.02475767375837461,0,LOW
380.0,8.70747379916665,11.463874553668614,10.930977209547546,22.334051288194335,62.59114849334736,0.012624766561342956,0,LOW
274.9996387872169,17.726331264016846,4.059367870756695,7.298893955371415,19.796836727826097,75.0,-0.010840078070519421,0,LOW
365.16988448113193,12.301398703451952,4.9507061678893916,11.279861699726618,18.06910975070368,54.92296911938037,0.02894117392062204,0,LOW
716.7557465660229,82.85320586872467,41.407291102029205,58.89558779320609,34.19080150744925,62.729051641179296,0.007338447015796029,1,HIGH
290.5486881742608,21.326413769431912,2.407561360804597,16.390292894541,18.809320811695848,56.97488311921,-0.035129534414926285,0,LOW
318.73113418365926,14.79309721636915,10.666290674438134,9.588837606485395,22.3858647774738,39.07104758901251,-0.03833194935036422,0,LOW
289.5094240932911,12.621413098418916,9.588133200061964,16.022851507924184,15.172790788834742,54.96343034340732,0.03413535280837947,0,LOW
297.86124704119777,20.324681890507435,1.184028549558498,16.120998098979314,24.61916980027823,54.67819782909657,-4.500489008314781e-05,0,LOW
801.1513701919191,78.43253956164418,50.860038309598664,38.56174596151044,23.47317393659084,77.78822209664057,0.028302929421774824,1,HIGH
285.1136161266914,14.059662661374958,7.471085373875312,8.438314677936457,23.524237315597198,49.058054246491665,0.005814663557336448,0,LOW
273.89909870190564,24.997322136350217,3.2517182945025196,10.039801020646342,22.492961978145747,65.69998484998946,-0.01388930483850706,0,LOW
256.35586299235575,29.380756179474517,9.892348792109901,3.0963094621826475,19.74351739579744,48.236340495106695,0.020921045020957988,0,LOW
326.21248144426784,2.041024044865841,7.644814209149996,7.348676563649746,19.968177447972167,60.49498605863319,0.0491648721147312,0,LOW
260.0281760584339,5.044225699191397,7.992320587294615,9.948300133274454,18.90784890420298,56.77484842091394,0.0287001235597787,0,LOW
273.65460651845245,18.080303501248807,1.1061463703783279,10.735592768410843,19.676469815459814,49.36491325561731,-0.033582208552474346,0,LOW
286.39966454293756,24.983599880475452,6.350652511181078,12.886306834744278,22.63200063317386,55.07728451638253,-0.019275503744687773,0,LOW
298.37543086866447,18.13011727946588,11.000487248547778,8.352114029321768,24.895511478186,53.087992768481655,-0.010325951937230172,0,LOW
297.15025753846453,20.71517186104527,9.497545806825052,3.2395071363651446,24.06328339479962,32.59497010972184,0.009204372788701268,0,LOW
830.8547749602018,30.0,47.49022696873495,54.93788086558541,22.91991735295889,68.24582463332239,0.032789909274247436,1,HIGH
315.17591899451315,3.142516820457434,7.191667018442383,16.433795272023694,22.86465718927097,37.35458008052086,-0.01802068058509904,0,LOW
284.3152177737213,14.590423105467226,2.718044063371851,17.948110026438215,22.511875235619378,47.26296004182232,0.030090134371784538,0,LOW
309.50062273868343,2.9799723516728243,14.35310442859705,15.769275349668412,15.02388587537714,57.71874292369829,0.00968906878496844,0,LOW
253.52296235733394,26.46571605284938,11.790598439393198,1.1469229510229422,18.923769616666288,53.87058729395744,-0.017624768948721007,0,LOW
247.02075137235042,9.765733786499556,15.349546701950082,15.090953573326505,22.024845729873782,40.06302122893517,0.01991078656325364,0,LOW
313.1195270718824,13.314479885094745,8.408125188962297,3.5883675910448662,25.570917110530353,54.96120708088786,-0.002828053416507561,0,LOW
295.39803864423453,9.776670842682304,5.031231624010253,18.64315533424718,24.526380877412898,32.90773896089844,0.008790322885828572,0,LOW
921.3492383613235,132.44351408885598,50.0,74.89671649957091,35.063952236390506,59.547000544712425,0.06363161296704341,2,CRITICAL
291.83975958748397,0.0,14.316742011926529,13.61398732046624,17.346941762955836,75.0,0.009905458921371959,0,LOW
820.401059613501,80.0,64.2585900176321,67.83504105601766,38.00205982533389,81.10742155796194,0.17841032235319162,2,CRITICAL
279.79512533119714,16.933277758566703,8.523056751646177,14.877732549999473,20.30958572372479,47.84850834228871,-0.03827559469657852,0,LOW
265.1234167471484,7.290892445049567,9.978226621291412,6.249572529238183,23.359056268936516,42.49998263751488,0.0029126062868776964,0,LOW
801.0138715613441,86.61908577513131,28.183854474695664,55.85783905362049,30.176269785855318,63.16122847690143,0.03141071050957965,1,HIGH
255.51612803760767,16.627105924959547,9.343365027732094,13.634217351940114,20.2690108858674,40.5732008546866,-0.006237826245107998,0,LOW
261.12895865446654,19.089774516380277,6.9733835344009885,11.130811499526919,22.694981332709553,33.40112118580312,-0.015715925387655462,0,LOW
274.36836454334457,6.931711664455138,0.0,8.338573092989622,22.941457060321365,59.36569355856788,0.04041279397551664,0,LOW
757.8617669531787,64.52058066078283,43.19447572617898,53.33474770606972,38.066232273973,86.32063816541145,0.08074270201252318,1,HIGH
282.09867193424975,26.986995522373856,1.8254991899116737,5.134984915572304,22.598905053734544,72.77430448556098,-0.004795420257871836,0,LOW
334.36750300961745,13.469248106439517,5.714203123213051,4.185578273300752,27.76883858219973,50.6767125806271,-0.03600957383468361,0,LOW
288.09224767324775,4.761272338879836,6.353002329261403,15.648578368918542,20.708624999614127,41.168003688448756,0.016514272828506198,0,LOW
227.0920155058239,0.34875132627901095,5.295930777274525,4.121903364146924,20.602695505425768,58.70822770366639,-0.002441677759427836,0,LOW
290.7084584937534,13.56618699640196,12.801225033037287,9.366423040268959,18.064590502668366,53.94237649442031,0.015749654087710504,0,LOW
258.82242290535703,19.19605900228869,10.709605474769209,17.604203257015833,19.29792344886197,46.950267812869,-0.01170376897854023,0,LOW
740.5984825914844,44.131938178720524,58.90222710651804,32.616293668519205,24.079288532647954,68.0623202210722,0.014582169807395289,1,HIGH
240.11012689594074,12.31514105505083,4.550728162097828,8.69291553846592,29.123819650079295,41.95473369775186,-0.04385086981614817,0,LOW
762.6165196430975,30.0,36.84366707175664,35.944051662949626,24.640761301193972,49.47794168793949,0.006290437376561972,1,HIGH
288.7998673588706,25.686274690561863,8.476903444509569,11.888761025753947,20.01189577493421,41.9087401505896,-0.004275937236999121,0,LOW
324.25154840239554,6.422935828585127,10.942332369713494,11.176744862280243,19.049752064022908,39.97624254233783,0.006796171489808611,0,LOW
283.6233962760698,25.195577735529913,6.3421077366565655,10.979652424757827,21.08671971143,50.90800023610048,-0.0017567135720739932,0,LOW
236.12857686181442,19.92205413574849,5.849349692387911,23.628898959408424,22.098085675759812,34.17832983873082,0.03280708187796622,0,LOW
237.88405957184204,7.192329471080761,10.802892627438343,14.493597205348618,18.517264130839784,45.06778154494089,-0.003524261179239517,0,LOW
209.7311287008567,7.678751073232591,11.89465404537636,15.559885114955257,20.650088854406054,44.925994235995745,0.007864595539696546,0,LOW
313.86335943373615,12.60588236891795,11.850630289947365,8.378287402958994,22.736113026985997,56.21601313120971,-0.007872749425940887,0,LOW
297.58546424067976,15.353699024833585,6.735209181675248,0.2782834579056299,22.59514348187932,33.91193290730028,0.00021604169712030318,0,LOW
285.5296572823473,14.018522900038983,15.841938403132108,14.26269209489796,23.17603281209727,38.40160714233035,0.013512132663289569,0,LOW
235.58277262342088,11.516740216448301,8.441582902448873,15.888047651392679,15.976320847585988,54.58559136212169,-0.029710783190445476,0,LOW
294.27484236598036,11.45971430486253,15.528699520816197,16.837331364625054,22.29281197748632,51.931815798131986,0.013647850196255853,0,LOW
314.5531205479275,6.7534902378307695,10.393388188299532,18.625733644374193,23.808810831265667,22.37324494326257,0.016707539878044617,0,LOW
236.62447711066534,10.042672526971092,10.464538672008953,19.00593137516948,23.93367523595194,42.059564583011465,0.0042292030472783435,0,LOW
756.4589656943222,68.24304791953557,34.67525676082545,25.0,23.773397675112157,50.01508867150746,0.01434833436205192,1,HIGH
252.16229553317189,26.609430792168514,10.478807861929916,12.140110935129384,21.21751462478625,35.14437996768929,0.03314752240464993,0,LOW
242.936962343779,27.517744173359233,8.302853151827335,15.710144514897454,22.112569697018795,60.68462067244298,-0.01083966800452385,0,LOW
600.0,54.48578798833849,34.466971310088454,62.51853795740816,29.03875298807062,67.22615967901692,0.07065835102936663,1,HIGH
275.8604692773616,11.60181017765527,6.893199639657146,12.893704816431637,23.628574673432787,34.19660682154465,-0.03819525811492562,0,LOW
683.7755180675407,54.54325596774932,27.33538165802331,34.397290042287295,22.33114487290136,69.46790672072366,0.08175658448425446,1,HIGH
271.7935324453582,6.252229036304136,4.952102166758969,12.147117877924863,16.320486516285683,55.044446476624685,0.01111824062598885,0,LOW
286.10250048409875,13.033907999896789,8.034022506892613,11.886573623371767,19.650460414854496,61.41480768103218,-0.02064064490323155,0,LOW
289.31512080548674,24.088389468443427,8.442452490314711,8.858144459402606,18.926413261260983,28.135580212494325,-0.023951765780683143,0,LOW
270.52598941961264,8.386359624664843,5.3757802534361305,10.231926291931778,21.20075939777447,61.64944445188128,0.027982727633921747,0,LOW
310.40532341503416,22.965611087199388,3.08800047671001,13.604248231623036,22.91151227691269,45.5808998292031,0.011206583564645139,0,LOW
188.348419656076,23.013963181212056,14.875180012199436,10.69550088499575,18.176144793953483,64.79462143852193,-0.017058756355845445,0,LOW
256.23400177212824,15.795819784125907,10.2223283546005,8.624430239282693,23.92297215818492,59.11238044568947,0.004324093526453761,0,LOW
291.4330455841017,17.907634702712585,9.775250837532418,19.368056961265477,26.38706579042008,46.26591063176117,0.027446846857330367,0,LOW
332.00178378795835,19.46839167419379,4.821602179499781,11.784332051795463,22.441966991459413,50.13375812715863,-0.05723036740201346,0,LOW
825.2383732712678,71.12771172061767,37.59287641534908,45.356930144069814,25.387937842844885,57.51676988444768,0.06694751843818737,1,HIGH
895.4579801106938,87.81599063587043,50.0,60.0,32.727207957113734,75.89508999763814,0.1431546226805454,2,CRITICAL
796.2355809889312,83.284884188407,50.0,117.5675826398626,32.27282736443986,84.74751815086582,0.16534997767020082,2,CRITICAL
642.6384270862433,37.11088470234567,29.159706667779922,28.567061034441267,31.853493910473816,71.55334197070937,0.05117939198072889,1,HIGH
328.2341448355293,0.0,9.940644450182951,3.82268375771071,23.24384885508011,65.82829446773334,0.00010645720903400975,0,LOW
297.563467157183,20.613309184716535,6.9133024652508315,14.740641898210981,23.529462123328354,52.79241553933562,0.01413065025795655,0,LOW
313.53956814945377,22.201476512159708,7.857557055239636,10.101567374287194,18.84433818130476,56.04993375678873,0.0226713740575125,0,LOW
292.54055389800783,10.689829459058053,3.3965419632577323,14.342763892531012,17.894997107346647,52.48933910396658,-0.017306856642036683,0,LOW
264.21579508561643,21.50081030202916,8.484711797197848,11.087500786748691,21.555782786356737,50.14072082873505,0.005737822365852094,0,LOW
274.64708141935836,24.700150694652805,8.473391653552818,20.926591971123635,23.18013061076229,60.84586391463845,-0.003598801757666122,0,LOW
292.6242001436136,11.757845876405344,5.998555690412401,7.659032846796101,18.648017193846176,37.13092559463625,-0.001113701052999886,0,LOW
258.8202916374479,17.75716180988842,12.630031032084535,21.181129198650098,22.37979013083308,47.40790740684917,-0.011730313018399286,0,LOW
239.0601002951254,7.238803842788699,6.72837380548615,8.197455759643177,25.141945858221277,55.55145681944831,-0.004304889131523095,0,LOW
339.03796192214037,7.854955027321099,12.120781612610923,13.977545531812542,28.002889304770463,57.494570154065634,0.014995311073162465,0,LOW
283.619591265115,18.769090347199434,0.0,12.906571089307098,19.36107271789748,39.00341654155659,-0.011040494580231533,0,LOW
886.846939376513,39.25806020867774,20.0,25.0,27.62114261770088,77.63173301138673,0.04597918337571903,1,HIGH
289.16845496460274,23.473789911170567,4.293867555371397,13.193003954642219,21.725379941745377,48.1670244357274,-0.005150423978195829,0,LOW
232.44947782708596,16.051886534443618,9.655169268760856,4.055512179106374,20.41218307990032,44.76227221458765,-0.007428354721641372,0,LOW
261.13900770200206,11.167174632704159,6.366667348693323,7.9525684055361685,22.800208503929923,53.63009247714517,0.002823380376652803,0,LOW
813.2868323557288,49.9776055600422,38.04435522813816,33.68270526014267,40.35904538027735,84.39178908994458,0.0666438956517594,1,HIGH
266.4386769639775,18.47907417170918,2.8919342201190874,18.164509670513482,22.77942357041653,39.5271285361619,0.0071759216781250865,0,LOW
280.45704222242637,28.831962727085628,3.4031840112468235,12.125643556080167,21.292497268557455,38.9933873576564,0.019354507735589475,0,LOW
309.2309876455458,26.68943093376263,6.919379482651616,17.394395195148693,18.4228140086727,55.167028186484664,-0.007414207689462099,0,LOW
271.11109211604906,18.61867160514511,14.589575990413318,13.350477170986434,17.67406379307996,53.24089222320047,0.0029102961067119073,0,LOW
905.2247512602784,128.98389043012318,74.63984924723762,63.88563666774416,43.41483888422016,82.21225372799792,0.04047581226558224,2,CRITICAL
284.6674323656291,12.257710793084966,8.524231304184577,17.224364062272137,17.523682493581024,36.20850748651412,0.01638686194119494,0,LOW
846.9242160197681,80.0,69.71420965829343,60.0,25.0,60.87358977398779,0.030308242398268723,2,CRITICAL
311.733889407997,11.330597720485336,11.324127430671897,11.422505603505327,19.9113638452603,48.271289175565634,-0.015481717699640995,0,LOW
298.17681352857454,10.829416650901722,8.247665934719837,13.649717693286323,22.30434229195015,52.76958675219365,-0.01380231082303892,0,LOW
299.47889923142327,13.636739350686364,9.155666668674828,13.252231501303804,23.920640977986277,57.77072958990898,-0.0022864433600949525,0,LOW
209.69086434573475,30.0,10.79426538148602,5.046572850123718,24.636862083102677,36.063275156338285,-0.019387971554772416,0,LOW
287.3293774888762,5.587082244565584,2.3829236076370037,18.243788862052533,25.327509434476394,48.78194775946666,0.0016543640372637775,0,LOW
229.93411143575443,22.153706628107276,10.531431658429225,8.484654595510989,21.243811553789932,44.8298577504564,0.02131955259486269,0,LOW
232.60224934331902,7.889621494152652,9.632144707525068,10.730186609761095,22.211257381981866,42.56139072904366,0.02980248684593144,0,LOW
282.64122790244863,9.573884478758586,9.011539259879596,11.070216614069755,21.87226413686667,56.58797368366193,-0.0340555722378662,0,LOW
325.15889170883565,10.159994297530151,4.422615815689885,8.037370847710427,25.2535454827899,57.36836530920051,-0.019160232014024586,0,LOW
296.50930446383956,3.9425478769836797,12.856759315714006,14.79770185308083,23.12518645567702,52.0541052696126,-0.00033673447466852117,0,LOW
253.80849218282438,3.414981924679619,6.86881700340972,4.426226121032303,20.645846647106815,41.49180377617307,0.045459836519587786,0,LOW
194.71814877074763,16.981327208871544,9.963066835975276,14.194955146944475,23.51974946257076,75.0,-0.006410807566750957,0,LOW
301.2025882240587,23.20669474308191,13.939675146935404,19.88884102465943,20.407534515611058,43.557917496135516,0.011467249403458902,0,LOW
282.8813429293031,6.8350158438933,0.0,13.18477694359623,18.31625334792447,29.45238692324706,-0.016630455453327527,0,LOW
289.6998716508489,15.256861391767478,9.264191482577145,10.95295586480196,24.307708624111385,42.316443404520875,-0.013661836031703494,0,LOW
222.1155011030765,22.484377003721193,12.197358442173629,16.22741554240927,23.230636047038654,57.846887161316864,0.04421281754786479,0,LOW
305.2515290335416,17.79020715237036,6.040999268395163,19.583963285696242,25.81864830626399,37.752952223494596,-0.008063253538600977,0,LOW
244.92556887329647,3.0447550414455478,4.180832731476714,8.676869999684346,20.238037711708664,62.293757176501046,0.011772803034748053,0,LOW
877.2896879924976,130.27299411202017,55.779450121414484,88.52247893638852,39.209616144991166,85.81374793937147,0.033213974534771526,2,CRITICAL
344.17017446068564,15.483087427395336,9.46483839113575,0.9290631447849851,26.725248482826192,50.42631024437747,0.009309935483325597,0,LOW
275.2544669556047,12.979861325576282,2.3326316296125036,13.4561570842369,18.635706861948236,56.03006853426677,0.025326091143387314,0,LOW
301.7261707322078,17.629296018259847,8.1423059079385,6.99354283621728,23.509146005130596,56.60037491790335,0.011423481325820944,0,LOW
859.2917288759458,104.54622387295798,50.0,70.11320099634612,34.69795972441175,80.94690211370184,0.12842221527973066,2,CRITICAL
682.2488454308233,30.0,34.6925616773947,46.028924246182186,20.144511287146912,73.25182981410815,0.0792999610993439,1,HIGH
246.27078918828516,21.103411858695495,10.680316968808759,13.279534250521115,23.431105381679373,45.43843803884642,-0.019856936156678794,0,LOW
317.09753926232725,25.01380006852156,9.73037780690461,12.572922185119392,20.629570057784008,61.049404889577254,0.01991269612235665,0,LOW
270.1888861623156,19.69807333442234,2.4907373779185304,19.33590625354521,23.425384202044025,60.33786167938899,-0.00041412728212467554,0,LOW
671.6598946103379,30.0,27.637268834616645,41.77996254585994,28.852540930098247,74.3543530492574,0.07029843655329576,1,HIGH
201.95859245384656,19.1693380458569,13.149324446420263,8.74718189797204,21.06293367503239,35.95208452389673,-0.01731879767664572,0,LOW
297.39064297866474,8.047622017081741,8.59936965594912,23.497945465186596,21.494044739798642,53.319954934569346,0.005363255619106322,0,LOW
663.719998042673,73.38540218140344,31.658792666196916,61.35339208397549,30.956603644262422,67.86979141560153,0.037451948289085726,1,HIGH
264.87349783842444,25.910897838511275,9.55876682128001,12.267408134109502,18.616140929482995,52.56658730712262,0.011061535740504898,0,LOW
380.0,11.706893422270326,0.0,16.1221353119249,24.581589123884335,51.509215268064956,0.027061471550841185,0,LOW
789.6408502207067,35.07767034114548,34.10269230088382,38.50248129256825,25.667917469962827,73.02101222343211,0.020388345363893404,1,HIGH
260.6332226666569,18.570577180344507,1.3796186272592648,18.304686617814923,21.978649434614454,67.78320906719823,-0.007844520258405662,0,LOW
297.8428880592832,14.45615795212476,7.575272277509695,16.145605355330265,22.216052925751157,39.224167523962876,0.012798723316015828,0,LOW
295.9909690689375,0.0,9.915502154081846,6.2126768388328895,16.786856214588603,31.91855953129254,-0.01096145866489646,0,LOW
338.85967891972626,22.61642922511912,11.17972901166251,8.887299236672234,18.589232255768696,62.02700806536146,-0.0012663971942191994,0,LOW
320.1103130121842,4.738922797915826,3.915819357286712,7.739205970172031,20.613618774482664,50.13898209332511,-0.013579586287039643,0,LOW
266.604598800569,8.333049552404754,2.230803457762355,12.48706706478891,18.699593338827082,67.22359941995649,-0.026263354363998747,0,LOW
288.9438219509873,12.348094623221963,11.405142299379156,2.961515701125336,25.50861444188165,54.979229342693785,-0.009161636033362553,0,LOW
259.5102908371385,13.951306794498187,3.488876940433144,6.079358340508639,22.437814882434324,56.59484214251896,-0.020366310647225164,0,LOW
294.0702563359681,18.856534684204203,9.82009488139008,5.198708168553365,24.035571854200086,47.85725057445535,-0.005427529858634491,0,LOW
277.32187308407197,21.138537923689814,7.606215990768481,11.148057883219444,18.948326976695075,64.69937230941231,-0.0033910143140088818,0,LOW
293.50298195195734,19.123283223206485,7.762869415896271,17.912653708763287,21.880881152959066,44.6046481807886,-0.010875656087054469,0,LOW
847.88413412372,58.44934848474453,58.3102467155807,47.84265641123545,24.71756946590638,63.633003283362996,0.04380662724768382,1,HIGH
294.61776257456313,28.76615864932787,7.529556578299516,9.116763538831535,26.77135689374807,23.98111684948311,-0.011536969462966251,0,LOW
761.6980234023887,67.97110560285233,38.179986944140474,40.19855009202505,23.71411798111285,71.67939998813065,-0.0028386821392763426,1,HIGH
221.46231992651988,27.887495960095155,12.750537570884482,10.64535934921096,24.241816153430364,54.8508176706413,0.0018031365533514615,0,LOW
270.47305024101337,1.464298806641894,7.385259582551929,16.81480286624724,23.966854183514148,26.22709508270019,-0.020166177725485238,0,LOW
268.3131525678578,11.329276054805595,10.612979533124907,13.64183986415769,17.316391233433357,59.710063359591885,0.02573684525291006,0,LOW
365.13878929740656,15.409136468417294,3.990624077236795,3.3339544839550843,20.10975246923299,63.01158348652031,0.026563132417915938,0,LOW
600.0,66.01438243339311,27.157414910848203,51.036000404202454,27.955330660540145,64.48780284527028,0.07589262554136066,1,HIGH
359.86923566767143,0.0,11.761157859534356,25.0,19.54073821368747,53.19094834023574,0.012288802457849492,0,LOW
286.5101226042002,2.2834600535282483,7.766355024565271,15.978890048721166,21.692013726878102,52.72862518025773,-0.0030922151723981805,0,LOW
239.37683675169833,20.09976722120897,10.358187544142408,21.297474038116558,24.74387216196054,46.48475264856707,0.020912802404185315,0,LOW
254.40993869001008,17.065830586581562,7.07092268030306,11.380953528351702,22.21982594375709,54.2228901912536,0.02164703859583471,0,LOW
846.8626658015662,80.0,60.96205203567231,74.41558161576633,39.20076779178078,72.77177824242789,0.03382058492993055,2,CRITICAL
279.32795369982847,0.0,6.723573611956409,23.408164386380307,21.34694591969603,61.887841143538736,-0.047443910561270286,0,LOW
217.11838977387038,17.26069586335437,15.085364969070735,17.99259918258347,20.250654783091928,27.805257413769475,-0.01809615006428844,0,LOW
900.8488524118928,85.28613517918869,76.31181930222697,89.7137791838103,26.153318542783055,79.9145258993959,0.1178378145154179,2,CRITICAL
308.4490631917142,6.060927096083137,5.2259753417108765,11.752205812242087,25.574168920874243,46.909776348037504,-0.014055099196424082,0,LOW
349.09400856656737,23.90372713328211,12.520397265618055,9.16852542209497,20.33628278307866,45.09777849961225,0.017144207071132244,0,LOW
298.70037369008185,12.720927468939403,5.487735665098504,0.0,19.9657854145195,65.9021880562178,0.022199392862113997,0,LOW
285.21098085891543,8.971779357140978,6.063879473709296,10.118939481082677,27.129831862036212,53.32532313097641,-0.04198412685122488,0,LOW
309.7301668481377,13.486045272508756,15.62024085625788,18.384904160990217,17.586654296845328,59.22639722787853,0.0014022631746643274,0,LOW
261.692022761727,4.578783065324284,9.669887834968058,13.7286328990079,23.466005573401922,49.13295299157876,-0.02021737835712635,0,LOW
900.0916984774703,80.0,71.608367713648,82.49394555302693,44.82715494667508,84.36400417014647,0.1328409263360069,2,CRITICAL
774.3398916400539,41.822018195824214,20.0,36.01959837528618,25.74412321380293,64.15141289930645,0.0317528081198814,1,HIGH
301.524617480157,20.710561091859198,8.208693274630134,23.146368052779867,23.993061022719793,50.1127769661866,-0.00015134593262301272,0,LOW
290.5099690058855,13.66457655913148,13.74120062658176,20.52926340272282,17.12174653412045,30.15856776871004,0.00907991262893918,0,LOW
749.8081599990945,30.0,30.529274081321354,47.302278207239254,31.696630128374515,51.50084773877414,0.008961731678544117,1,HIGH
780.558019190248,67.39351513388982,50.4523215169656,48.57788773955065,22.4559851253098,56.963822863133565,0.005058806738268605,1,HIGH
292.48037886204975,21.456066255555765,8.148911345686306,3.5632615279332427,18.514196780859738,58.34525547369058,-0.004703012932288708,0,LOW
194.1084388104538,13.480609271821944,11.944545267843072,9.800061477351456,22.658754781539834,49.60901078783447,-0.006584187967180161,0,LOW
231.2474775830549,18.584794911489627,6.500634148409562,15.2587407070152,21.998310708631124,54.37655673534306,-0.0039299684079621465,0,LOW
281.2252597037767,3.6101245168075184,5.9970210249723355,4.160347917847507,22.821411535970558,62.91686465658673,-0.012059566251340074,0,LOW
287.0604968548979,8.740669328308433,12.905171822595799,6.480056823141693,20.255218197155184,59.27742399551205,0.01908696658183395,0,LOW
901.0441410501237,80.0,50.0,60.0,38.94745590546956,72.72234454418657,0.12729394188695728,2,CRITICAL
293.6622220376204,13.606618129560337,7.183725662244604,14.549491242382679,22.693846068230094,49.154801184885265,-0.03795628999799553,0,LOW
792.4203233296022,80.0,50.0,69.78330881893969,50.40010241388681,72.62740280902598,0.05929150090069435,2,CRITICAL
887.064088349251,132.1977349536747,67.31987056206881,69.98763708022693,35.80135710394779,77.65528649116472,0.08325339813631964,2,CRITICAL
266.85899107508425,14.544363670291768,10.078642293386011,13.651449728082959,21.60992181550453,45.65300526276866,0.02372285004237662,0,LOW
294.73426450802634,15.091610333365235,8.736231325086262,4.164708748822809,22.169234701508714,56.51540620643959,0.007829920746962144,0,LOW
280.0033757236566,0.0,7.690575280716583,3.1618894353030953,22.70670961191968,45.44518751145183,-0.01311486924864628,0,LOW
336.2992744525487,10.379688901154797,5.0828522545053545,10.380076122517849,23.327363814909134,48.23140806427204,0.028226339717534243,0,LOW
250.99095741856988,17.674361027981718,8.52410846477368,16.58155720537283,19.667182216755197,40.56046475277998,0.0009211627715423099,0,LOW
289.2864529226688,25.565293244225337,7.626805401386033,9.345117477221425,23.945182033716137,42.3656068268934,0.01479385016825846,0,LOW
333.49592429770973,16.93315617341401,6.904597977815051,16.97745141472659,24.79791652897336,49.01926431467493,0.018607557152457845,0,LOW
893.0919018824352,70.42444578438266,32.054312453383886,69.49191207063386,23.48232776711864,74.3741744626849,0.06255497223651153,1,HIGH
348.94662883133185,5.221005499680775,11.482222437678907,8.640439881601615,17.024993303253265,57.26098361446334,-0.01666525183074493,0,LOW
349.2924642163978,20.179877525675796,11.36088065077679,12.661732532013362,23.306375007872255,52.614204127299686,-0.0022670799567961405,0,LOW
225.00416766520073,12.409666365707194,9.778907272780932,13.786597113553134,17.809113826746604,55.5092438089354,0.008996306531130685,0,LOW
271.7824976852948,10.652035936538923,16.24119268209631,0.0,27.7087223868225,44.87938580680873,0.018388473532939712,0,LOW
267.21315134570796,30.0,8.12434235108461,13.509853712596357,20.843110055430515,75.0,-0.01655168481469323,0,LOW
223.48936464430534,13.791584979144567,7.436048410222326,9.722360774982848,17.919269687223476,49.550047923569934,-0.008989668595394086,0,LOW
238.40063575038016,16.57420877325566,3.6652046905677578,9.569029346504767,25.398069461558766,43.341222888795635,0.01960381743343644,0,LOW
792.161682990983,50.488974438395736,34.409577826949445,26.65294015977385,32.68688483459824,62.269647015641354,0.052587615086750174,1,HIGH
893.4880593582478,139.13541091346653,54.037749976058535,66.62181319993161,35.85724058271459,88.1003969286695,0.11759653854093288,2,CRITICAL
282.70316277955567,18.067016905459763,11.875991481103432,4.203083823471955,19.917584316563,38.7704295089287,0.016382083378242766,0,LOW
807.2242420187274,35.56010920526577,45.280535653991834,25.0,32.295230290888675,69.00258813963445,0.08192628466574026,1,HIGH
298.27100950229647,16.784637941002202,8.902239358040722,17.968092859281885,17.497991791654485,54.07263893735468,0.03633053992280211,0,LOW
278.0512639227953,19.32905288643625,9.360839907473352,15.473353058142044,16.237252222314456,47.056522764727504,-0.017949859417093247,0,LOW
304.6391769030198,22.426375932547874,4.988432331085516,13.635049343946575,22.849205764029968,51.137481534861436,-0.004852380948005486,0,LOW
257.78691124723935,12.261272490688942,12.52893828871699,14.298529775074938,25.072296519523075,48.05020113880213,-0.028576308684525566,0,LOW
696.2806205986582,30.0,28.899011339428863,27.38576291994313,21.705967701578317,56.28626716776368,0.06881328800447498,1,HIGH
250.25647084749744,15.668968619284458,17.829696368303566,6.1826310010386445,22.715165124512275,61.1939716199838,-0.036427006838492766,0,LOW
276.06058061962307,17.93225125789784,5.769084450019141,9.804730449475311,17.282415249992678,56.294040061022,-0.01403533892533565,0,LOW
304.3504588889776,0.0,8.015185006485837,19.58184323362668,19.59514347769465,58.43936891553356,0.0278414184194851,0,LOW
862.7541021933879,80.0,73.65152242409657,79.83440232140826,57.515579626129295,61.909049476120146,0.05397721218753501,2,CRITICAL
221.71376720577334,30.0,11.634405439568445,8.01544505351655,23.60889090754268,61.589495823769,0.01082261676436081,0,LOW
197.4704689278103,22.446705810804236,10.760417699056049,10.816705876740498,16.591431410746353,40.30199604884926,0.023201856932871016,0,LOW
298.86154090180554,14.347297842519032,5.422531519147908,16.942766212326575,22.869656427755203,54.776107297567705,-0.008451219655974928,0,LOW
276.2294978298977,20.593573853559104,11.895576512869603,13.802958388284207,22.03295654058258,41.940063911682024,-0.0017581297473842946,0,LOW
325.0896482787213,20.995471197821924,5.984169034357558,8.432230093148226,22.235796118345114,49.89803884374954,-0.028827015994681075,0,LOW
268.13716185861165,5.2728726071669545,8.31595486536004,13.051456455430733,12.857102303941737,53.66332933650044,0.0013511096816164895,0,LOW
299.22986635623636,8.187702486513857,0.0,22.017547052006712,21.575813493568592,43.70655515665496,0.027554724725494886,0,LOW
300.9675137125108,13.376688121635619,9.46145496825507,16.713829006126375,19.69834879440808,56.68555343256736,-0.0011288219377421427,0,LOW
363.7267323572238,4.465358311534068,1.6288229611138894,0.6979262133107387,18.416903557826622,59.08393297267305,0.009703964629554142,0,LOW
317.2629205149698,13.722813540623864,6.976671714636707,6.365060448995681,18.34984474484078,75.0,0.004026897064298438,0,LOW
233.11971229620735,5.878712646990156,7.024415559290649,1.3265316626157198,24.598675602575586,51.69473871193261,0.03682511228853809,0,LOW
862.9123093498613,116.61860517985971,71.7319235864211,60.0,32.01245626920388,77.41452159602429,0.12022725965430785,2,CRITICAL
221.16774821989367,2.473927422555885,9.238480327636667,14.05985791063377,20.450467773517502,42.01194255107018,-0.0034993607342835627,0,LOW
266.6217531057649,7.715400928628411,2.576744115493784,1.4640382633515596,22.097110302181093,69.3538118352911,0.008006198166193466,0,LOW
925.4935341560158,123.05811296489107,59.47981124972115,86.4976943764917,46.227763078140036,83.8934625377235,0.09066209325978238,2,CRITICAL
232.86785507540537,6.821757746821364,4.045491402261575,2.32734632143441,17.601442052591374,47.29603057904558,-0.021720691060682952,0,LOW
221.3181901843604,16.37568265949648,8.40770354949063,19.193527411796154,17.507880489716392,59.425936208997925,-0.019136734257592932,0,LOW
261.1850938282882,15.55504908106223,9.114303658047223,8.373042389960123,21.29066074010646,53.664511465715506,-0.008210679760300299,0,LOW
237.65855672086363,20.09525026697768,1.9706974089078102,6.265839589162796,21.291609724666042,54.80334295881379,0.01778254635054015,0,LOW
291.56477594759934,13.950899758373241,6.552669851662634,16.83649617921386,20.48019191208639,57.66867293329061,-0.01070174306753424,0,LOW
866.0224756923019,149.32905130701073,70.56022611482481,69.51170214057913,48.36896982850598,65.5684007563061,0.12238575150475342,2,CRITICAL
228.88249702721524,16.518747142699546,4.0011510853224745,11.878513081145922,25.358502042408748,53.35042367537413,-0.0014643664796764298,0,LOW
628.9601272217211,82.00094562639217,22.89947150310966,47.27954924594711,34.642394053958654,75.02737913463494,0.010946607877594702,1,HIGH
346.03711728925,27.888929187996965,6.068839365101421,7.420882613517811,25.046545649448788,55.489828740769106,0.012483685449390651,0,LOW
782.5066293852142,98.17230835876195,62.66386675385388,74.79542738873758,42.828742909319715,85.79315656432121,0.15244764331807212,2,CRITICAL
231.02123873118,8.300292767318458,9.324160619984783,6.567160702047048,17.223960993275632,45.315743021005424,0.02820323990603872,0,LOW
278.36949895458264,16.503788699888837,8.138447496741023,16.797952628750366,30.428706910289176,43.83824915825476,0.009387213192415483,0,LOW
245.36675537227026,17.66456298094604,0.25213226917833875,20.698240209655058,24.25538939750637,43.97280636969778,-0.03684768924061344,0,LOW
307.1565425228758,23.916739556619014,5.170941880194146,11.14217744891826,21.46403449295833,51.02256659647416,0.015379317431474911,0,LOW
344.6483872660483,15.792278568057608,8.058111527750276,18.819251624663448,20.86097058745548,58.11735709996502,0.02039021835329259,0,LOW
253.83414239728813,12.710216401274646,7.9944293942266045,11.582756083867032,22.263888688993006,39.56055928531358,0.02414850056622402,0,LOW
349.1479057762237,28.343100888956158,8.438591018296034,11.473879328745644,21.101986276744835,56.75144659894898,0.025731802625744666,0,LOW
252.76281822384234,8.300814209380302,13.75110775966585,18.45281881160587,22.139672419983583,42.10013646132397,-0.005614668017014237,0,LOW
297.55972634953196,14.90332279369386,7.038251211718629,2.012666535550702,13.248520357908802,50.55939350132401,-0.02280413713302316,0,LOW
852.060303339081,103.22346108091949,52.40746099961499,78.88109135909464,25.0,76.01820613103298,0.1255353974606757,2,CRITICAL
241.39532951070512,14.43455694678343,14.46749759399443,10.11096733620864,18.4713990500697,44.784613552136165,0.007179128813029423,0,LOW
249.4777116122093,30.0,13.276052790965585,22.479993751127196,24.189486367046587,37.21911637288197,0.03131559062406509,0,LOW
683.6826249363235,47.3579757437375,30.14603797085877,43.012754459138954,37.131046734533996,60.226665032717506,0.04652589470084702,1,HIGH
272.819231468696,16.992288978455537,13.91709804269692,19.386968170850174,21.97628645388029,40.689265120578966,0.04317318021409668,0,LOW
248.23454839898304,16.990298478408665,2.4944500036882085,3.895432408459243,21.13037315357539,43.85915224655632,0.0018893998363927642,0,LOW
177.3336623627481,0.0,8.721455772105593,6.641493365691279,15.531930872350056,45.733950169409006,-0.007314335712924185,0,LOW
900.0,57.14729944311348,35.283267450829406,54.808710294751144,26.54967113031374,68.44748913243636,0.030654190800880114,1,HIGH
296.55561141490773,0.12131674763497102,5.827316675775545,11.475209219999137,15.458901373785434,48.114138669939905,-0.03552735277692442,0,LOW
264.95375715079604,16.419168917095522,9.644687672063853,12.453712818760865,25.131230193161482,52.46683149610744,-0.019010724143714845,0,LOW
303.3062096795083,13.227711074153596,13.21426027123235,21.987570889023814,20.59049047450382,62.910290551841356,0.0060451643697092255,0,LOW
286.2819426978138,20.301327763083872,0.0,11.454274242193328,24.678567448968867,51.27362475656486,0.009995762085915978,0,LOW
264.4076078737693,12.10583618044663,8.024066721744285,2.610056170170461,21.72738721112211,50.98001914099383,0.022965128490319765,0,LOW
238.57384988696754,19.452267542010105,9.807074403763936,14.811364359572465,20.14316034222591,57.314924079409344,-0.0021646667664594645,0,LOW
274.0988527903859,18.540364993632423,2.329263319361721,11.27094770955592,20.241845080073325,65.71335816082367,0.017439509994380147,0,LOW
243.78083778559756,3.0395133581823597,1.8574317202955228,7.1732440259561825,22.610899536129402,65.43492856014554,0.024637502685786065,0,LOW
314.27175930266105,17.041707334846997,7.532479254365904,13.707543427684016,22.314070089664376,48.852220509980775,-0.004886577103590582,0,LOW
280.4997647491075,18.442410871660424,6.2746422470419585,11.88383144574817,22.743842682555623,45.32023686675708,0.016959174869273997,0,LOW
822.5827231067491,89.87710737681476,53.34147545371866,83.31224300465303,34.6772609077279,82.72211477352505,0.04816885504176998,2,CRITICAL
340.44913733106887,18.582509733781684,4.423170592082091,14.776801142542878,16.84251659837186,40.97888861818949,-0.02339220004957655,0,LOW
266.89307622552155,8.547208765541018,3.8198251616547907,18.839537253604853,22.510530829575796,41.33583861340561,-0.03713620803880332,0,LOW
910.4131412740251,98.83212398545479,50.0,74.33673342226989,42.55532694832218,56.04014800853936,0.09699538761224344,2,CRITICAL
287.17102539825265,7.898434754283522,4.531978974706295,9.196229179561271,17.80694151064479,50.44217002900183,0.03564587585409424,0,LOW
907.4688420478909,116.50761229101097,60.97414631326114,87.97963801404691,25.0,72.56471958275138,0.06286605726494235,2,CRITICAL
272.60550545818955,15.737013267472873,6.075035504538351,11.777819161478227,23.73220773255775,50.14680139889711,-0.037223873690111126,0,LOW
225.27363203017342,16.883586946479443,6.789520962118214,13.682004693449361,22.90465692043871,70.10926112400514,0.006188256795198494,0,LOW
234.66851143986077,11.743374109197399,3.968428201505821,19.246724006181516,17.20584287416986,35.930858343981384,-0.008664653132460424,0,LOW
241.99911780357675,30.0,7.098274203087603,7.017906869988052,20.63968510489422,64.00881860312967,0.030434009054739176,0,LOW
251.1376786582861,21.27875229286508,7.212457205184362,12.547426797235438,24.615803099558352,54.16368148138955,0.013821251317337545,0,LOW
216.7362240218423,12.02626642731444,12.07617477296705,14.755958643508471,19.386351783922557,65.0202925184313,-0.0033355146800397245,0,LOW
780.346690081667,30.0,37.105346707892465,42.08667609642388,22.191333205328267,80.18929910199867,0.020567018975953567,1,HIGH
265.74944115754295,9.244158133721676,7.41023004032733,15.07135219178532,22.424258420021633,42.86180502781289,0.020173367119096782,0,LOW
