co2_ppm,current_amps,temperature_c,humidity_pct,moisture_raw,gas_ppm,sound_db,power_kw,vibration_rms,uptime_hrs,label
374.82409303975066,19.95824634864562,54.212896604217995,81.26676871387562,306.4437449678229,83.40661966069575,61.28970674394378,5.43697024780929,0.5162606466714248,75.46528771071947,MEDIUM
442.76261118386043,21.076029291968442,64.14951463148145,45.20564830494831,379.09188286290157,110.12094699043737,61.3242668476916,5.4197498884223165,0.5211100905018333,311.494678382638,MEDIUM
236.70540372892197,8.091858165390816,37.598813275236175,81.26184904594864,139.50832498394158,18.145226118513857,43.816915565393685,1.4580293168937026,1.4451206770548009,593.971471352553,LOW
417.2805224436736,19.62180509113408,58.776760244462054,61.77567109941709,386.14199961318064,92.89775182310254,58.08760534424727,6.120287318399508,2.4332960183003203,475.85893634017015,MEDIUM
376.85718758258884,26.138416678909294,63.33612220299148,21.400271802716524,255.10471622060373,50.49595093592335,63.47813515330871,4.789643127268714,2.039183733518766,257.34837296705837,MEDIUM
565.0532365707536,37.75883730671362,89.67654552330838,22.350271741834767,550.602425798344,181.30811605559612,69.87872537220868,6.7256660521670675,1.8084508187665909,419.62932599881117,HIGH
908.9759457155282,57.18039765781895,92.85160987654626,26.47329947405174,807.8445801409237,408.53847548239133,98.37195097154651,10.282612909152943,1.698277202864441,275.7866359612811,CRITICAL
338.48846596911767,8.355350242432747,31.737352462882903,31.87406188133363,121.0377633506956,30.55286162850929,38.386778486908725,1.7274624277729758,1.0779936236814371,494.5223979982909,LOW
290.8541808530414,11.754261733003867,40.78668425743725,56.99023884181623,97.14322886610793,11.310729265514599,34.55852360101876,1.6977475969070555,1.7776317002078963,676.5830353302681,LOW
301.98387116362267,10.417485984158732,18.89863705019105,70.85321290105803,185.7152561941972,26.05764536691409,45.73108589524542,3.416880278589189,0.3962254897953121,139.8335883030462,LOW
531.5859299870451,41.34328160061332,88.82907337404163,41.316716823541086,567.0950835958397,223.42885701351435,71.94709800159754,8.376228944509055,1.0506301542985186,539.9865313840899,HIGH
472.2414808994052,33.025968524483744,85.21249021865682,47.5644228785924,589.4797430141336,180.58555365985276,70.63047262244596,7.87522437199644,1.494252144025834,14.709047818206313,HIGH
449.20425088560995,20.635793561682593,66.75290744836101,62.2513722247984,217.96912407479846,101.73786314886104,56.08771315312885,4.714858447871774,0.995602001209303,501.6534319924884,MEDIUM
379.1965200831067,20.697914043264973,56.84073552342008,40.57170314931793,370.5099815364608,103.37580188406443,60.195977297596265,5.54177979950116,0.2990898378133154,551.5337491562007,MEDIUM
544.1147695215428,36.35622873165552,81.5604139056109,31.939545435398827,566.7237489314314,147.82640157063258,77.45484943985645,7.674995646138917,0.7666240394626467,142.41756065001474,HIGH
301.6742531866579,5.458770600079503,43.91854318932248,65.22052398928469,95.07484039623782,29.965735353108943,35.84793477256415,2.3779734213200294,2.4676558447349803,658.7341671010721,LOW
847.941590292141,60.65815472595224,108.69656255674442,45.758331130916886,954.6665982996071,448.76418784818003,80.12650736267656,14.98180255336342,2.2939239961030244,683.7764961882782,CRITICAL
566.0409144231749,39.26698071902641,88.60439838650645,23.961899341690845,558.9027944821809,276.66343705091924,65.44255726407516,6.631590651076828,0.669680723377551,406.0745001317724,HIGH
849.5821957603287,43.69277555076252,117.69523861810603,59.26341161827751,875.454217925709,320.5119991882897,93.55809847239587,14.264853735176603,0.6006495218770767,11.727633603120617,CRITICAL
512.98097306007,41.986428939251326,69.03040744337306,40.74330091085632,696.0663129390741,199.4505435561513,67.95417241183371,8.470414395178992,1.6406235157057918,695.0507811615473,HIGH
988.5559043969031,53.15911878720879,106.17421352777768,74.97333788706344,844.1515462077218,491.006683068043,99.69798222995581,9.814704445750271,2.4736055682913998,208.6193160928708,CRITICAL
605.0440211633692,39.537602786427385,73.28488365801662,64.47504159832798,643.4180350474046,147.63639759653415,72.55466720040857,8.984647553836119,1.0905096116550144,94.89135606389291,HIGH
497.5284225532347,38.58120880956956,77.2619742452833,23.377678902499213,572.6785627996788,120.87295130309204,66.56308016955559,7.945817211945775,1.3207185620580435,684.6507759054791,HIGH
538.6205226409194,38.30861447810206,87.29824683862508,46.08052894338324,494.4964937631594,156.84741309403157,73.29998645403238,6.573398075075318,0.7264761855518963,54.96510556223213,HIGH
983.2638772324235,56.76871089409553,121.07381543640864,76.57305727948508,829.2933497910267,509.4887913724134,93.34346792198427,11.187662206417258,0.29685415909570556,8.238820947913021,CRITICAL
523.1622299883063,33.250987454218965,77.80425114247274,39.73248124249028,451.2120825409759,143.2854285245257,78.97562180270461,7.327298530794993,2.1495194020004997,279.2766336020791,HIGH
627.2472249972486,30.23004587470686,68.89014950728608,46.3914233523655,685.2982534317263,212.37743549061491,75.626934510603,7.575443843041448,1.9217443512015298,576.1617894562166,HIGH
348.1251134920856,7.017729320405458,27.252774884835745,64.33928196424503,54.47960199232194,32.908823599356595,33.16144287049495,3.3383833173241935,1.3513853841364067,317.7873255491022,LOW
746.3802286089644,64.90701623173445,98.42477559969441,55.0570967016113,702.9906154778824,565.5066617781242,92.31653829008017,10.833612810831573,0.11463494769475993,370.1595261684149,CRITICAL
727.0611563122717,62.40012277635342,134.6585204998396,78.1076999620725,822.8248562830144,402.58339261508564,86.31125815375995,11.93703644697795,1.6233408309824238,168.6485782064897,CRITICAL
903.1905842130018,58.74128094302192,115.2649704152985,23.762103283481306,959.010215122048,368.0331539042251,93.57555134542926,10.470958532341964,1.8283924498083464,536.0258776401888,CRITICAL
454.06945180699574,33.685440867357144,74.31350543666035,32.17270425190786,490.3557643368066,259.38699943004553,76.79617801908212,8.772710041486933,1.74886872311693,497.2486799228865,HIGH
894.5585521949084,52.363586603524666,93.99831522596052,55.86128828381286,798.686841934141,505.75363731255175,99.3375401695253,15.206796563143653,0.696446498127851,146.5233919526195,CRITICAL
671.0529981745583,69.5343352986761,133.029058953127,37.28153216984674,857.1489397609415,540.8293348891048,87.28901902835294,15.01098809169454,0.6663580788808608,304.05678652995215,CRITICAL
352.21463626323407,14.482014431472265,25.950875512388613,23.30910660077285,169.26597448396365,20.5836641183855,44.41610810274054,1.6791464459937986,2.0950331367280577,542.5557692633237,LOW
198.9106490760114,7.824392983368881,38.89680063457512,77.870677267339,174.43665733828124,30.866128697832217,33.46416774747293,3.5705322217029676,1.751122054556266,288.72898128800995,LOW
946.2909587839013,45.389806645277964,135.01582428635933,54.504766354346366,854.5734189844718,471.1433216712279,99.80789960669225,9.646351638177416,1.6068559642013314,329.81485994915926,CRITICAL
773.8743081637174,48.46549609396441,132.68275097709144,51.87657710038076,788.6500314608147,568.9479694165245,83.05225326943687,15.160042732171025,2.487187402797843,378.7831994279808,CRITICAL
453.76757008973146,31.520019806363642,70.11666486677967,35.765066515809934,463.438621810582,220.0182738176581,65.82364702780413,8.184252884230169,1.5590506353357794,118.36629793976748,HIGH
646.3779552153586,40.71237272470386,78.54443715763703,53.38444070906564,509.73383773229546,287.9287459213174,78.35769936744265,6.761564285698456,1.9098801091940156,640.678643451751,HIGH
466.3240784177207,40.2381034486258,75.16802197914022,23.216109606669352,522.8049667499176,253.4132058183612,67.56432026723103,6.173398585251605,1.935514106872732,659.850470561373,HIGH
429.78401362381595,24.992660753779866,60.24308914735117,55.91245880258204,376.3370663671685,59.764831314775584,51.624997282614736,6.120177769473285,1.6688571788286248,237.73637673702171,MEDIUM
325.9121978556425,13.597115152449678,28.694015046010545,41.92457939540009,98.95058742741779,10.29410563721989,34.776753428022914,1.5247678002946188,1.0596656943589697,182.63928669807083,LOW
375.30872849712875,24.71422101190319,51.82168817354927,39.26308007250029,360.3742418785263,42.48782047487478,55.74335193680864,3.9728090882116573,1.5179523557032626,241.43692227487838,MEDIUM
547.2749204395423,37.03063512549967,85.39367362335382,82.62065256686148,472.98381379427605,144.77239049609375,74.36851669600462,8.899073303374859,0.10225392995636845,563.8385933556106,HIGH
361.0076539219102,20.884293529613384,66.26966448923409,59.569930285084276,435.0361067252941,61.176009360544995,63.01788318237942,5.346600224517139,1.114720600429139,118.09782013755337,MEDIUM
563.064824075963,30.961327792655972,70.98309208619906,40.02337502847075,521.8029866622456,184.16127796765403,65.11283860250178,6.623362641712368,1.8211553948910681,209.73217825885007,HIGH
342.36968564687714,9.935565169545924,22.23265263171597,79.46542372320752,166.8062722829019,5.500018190556458,49.24652665655867,3.313489579820305,0.9716586978828324,474.01047462386344,LOW
652.4292698185018,63.89163379335818,139.66072107642526,22.40256621813976,734.7594900814238,324.82433620681775,93.62737947739231,13.551856351702728,0.7822298900843324,447.1143048415614,CRITICAL
947.2742726184956,65.13922319928693,114.2744393093991,38.72254784078429,826.9120792334191,340.3400742366471,83.03248342174605,11.999475855441977,0.2873428636142921,322.1443497730825,CRITICAL
420.66623739674327,18.96131071285511,54.24564618123645,80.89622965855102,232.47210405639836,51.76553821648224,60.29579463827304,5.8842743768196595,1.387572607855354,579.7781369842867,MEDIUM
848.6045491420971,51.20942676573374,107.6543288358499,30.449515699560926,1008.9161260156368,434.26102570271144,90.48183500887907,11.511006492396861,2.3105904673781525,1.4794390887955,CRITICAL
394.8996032886013,24.571787695503772,52.07261307012759,55.119135330977926,216.40924004376106,41.65180244746057,61.15677924909065,6.111286342537134,1.0820662543025779,149.5221309697556,MEDIUM
470.26753985536357,29.609965058573472,81.56545670429018,44.36688394424921,603.0422507108284,267.8613035596515,71.02448547630203,6.513886715046081,1.4298127920840622,358.82285729163107,HIGH
251.3590557965159,11.190522096002436,33.040362028362715,78.77762749338396,175.28088995359929,19.52551632675396,31.8994651234039,3.4583751377070686,0.5948646049143173,428.13459742123706,LOW
591.178304126011,39.84551999040568,76.294237452097,48.54164608974547,496.1370297330923,282.0816220002987,70.67609414934728,7.052391483843331,2.1764920256687232,520.5998231136061,HIGH
380.9445532131237,24.234144918523683,60.34514287017184,61.16579849675638,412.5646702569503,88.04159129129268,58.01646697077403,5.567652066603665,2.4477703887945705,438.4511904687159,MEDIUM
642.0485195284941,34.26200680624897,85.20263260655695,33.77125259371822,562.83547635616,145.6106289250832,73.28958355283994,8.3801138851181,0.4731604380502738,664.178306501746,HIGH
314.35306099753234,6.944323840847702,28.031472777109812,72.24747653278578,190.28193842864138,10.579408275645592,39.5122353811374,3.6669737165702005,0.4334900602523559,29.03643992921519,LOW
190.28169453769513,14.863010623197,33.752211724670886,23.63712936974801,89.47518001423998,38.70824595017316,40.243179696716595,1.528977926873183,1.3682090371687934,489.6728901103053,LOW
416.3826315083616,24.35617983219284,55.01195047129028,21.415060478833944,202.65909664936814,100.58966644090171,55.17079441175278,4.177960688862638,2.082651919358657,617.2021266111625,MEDIUM
625.548855454801,28.632738300023693,86.62050398062054,29.489357127436115,688.3195997866943,263.3987547404988,70.39713729592006,7.546611622210499,0.8814982675894669,672.2429712627087,HIGH
182.92951155505642,7.892381428096222,42.14324987623718,54.63790110440905,129.42020068757014,36.58179906037758,37.952795089476474,1.649494178324228,0.9459020740114065,246.3811336635137,LOW
624.5146662488719,33.1734097984776,72.08502301419387,57.129523380870296,595.6667683663758,277.2634071290333,79.19609101011096,8.904284134231956,1.020431363703716,44.60023051218296,HIGH
565.1083384527547,31.062545456996315,68.90296946499319,84.21765520157003,539.4156001175998,221.69247226706256,67.23608509449683,8.836086860721272,1.7561685089921737,437.06157812990034,HIGH
366.60790222250193,21.54974864173758,63.921263700696045,26.778259908611318,207.1473694434473,117.33124987177501,62.22247738286864,5.261565845016592,1.2312820608063442,98.92135548943693,MEDIUM
411.87787502788746,24.814279280796065,62.37233799733521,22.908342949921042,347.33400481233275,69.5487703875453,54.66184150100642,4.604087577225365,1.0178778443745498,83.57918035760787,MEDIUM
418.30217287092046,23.909912785184915,62.46218929234154,77.72971321544131,266.9259289136305,60.26927601855136,64.64588146734347,4.700641071221174,0.46636061734908624,441.70495438228016,MEDIUM
420.98785670045453,22.964152242582408,54.4958873311964,76.09317054460288,260.82903745902826,68.31115854093629,52.55294059471611,4.781604843446808,0.8428174834559088,479.54379510265795,MEDIUM
187.75719121766667,6.605899970135609,25.511513104194833,61.572110787738644,183.5637439885175,16.327299200166646,48.66028355093355,2.946793339922037,0.13935202908179659,113.6426793730752,LOW
700.8535603693618,52.05629106415508,104.88909464887482,66.33097307097444,807.1216698723383,307.20847365828024,86.02119429213799,13.934178840018664,1.8021984265125177,8.31915529867758,CRITICAL
187.9507937050388,8.316234448563169,46.390305257864696,63.45270857603929,175.291081452379,31.83566667296108,47.51477448403226,2.2603175625572023,0.4332846401129929,25.759077807144894,LOW
429.37454891799223,20.163252127686846,60.5913119587125,81.24040610687003,394.5260335106847,43.549077834240954,51.00768506513315,5.029132028037383,1.9053674597314636,323.0685286559744,MEDIUM
751.1267337802312,67.82543837958727,124.77691079394582,59.43864070290489,1004.949142906931,367.06235939409476,96.58811428616147,13.373050091882916,0.7116385395224294,259.13191714906367,CRITICAL
291.307304602738,17.116418248597817,49.84629534377064,35.4018736838055,197.93755911921392,6.674847506945854,32.327445268187304,2.3850278616625724,0.3985713569109449,706.339770599264,LOW
959.923554911159,48.29347017266881,135.2336931982833,25.200773008901184,762.0676161477039,347.3450680368801,89.41708145830032,10.780748788489767,1.980069946425586,253.80399476727837,CRITICAL
570.9261872084625,37.82303315184333,84.67198092465603,33.3244204127983,596.996366855392,127.89976933895574,75.74043675309252,8.129349861061664,2.1992708270271897,498.0202952151264,HIGH
256.1537748584446,5.545216070638365,15.241679315930728,81.70463590269267,66.68280201752908,39.724551011069714,37.56055761461242,2.2485602099668194,0.16411632281912847,31.341689064960736,LOW
246.85322736703017,14.21399219487977,29.1664583883654,26.378947651190693,197.7377701821647,35.250749985771606,37.834370610831584,3.756176988346931,1.733605776445626,425.108534693562,LOW
430.89550545004465,22.567281506487163,56.810395885997266,42.33548074895876,404.1726013412996,47.8279597541823,55.244767675384296,4.221642963160137,0.19430541130188994,35.41163256664987,MEDIUM
396.1102868841198,25.9545623774274,59.12915944805913,69.29650504371892,346.654633754408,55.83740819344391,53.60552715692876,5.055642829515243,1.006482440170338,93.25686437358956,MEDIUM
863.6996559597146,49.74165535258162,93.82602362282792,77.8491592023102,1014.6426590434506,535.1436809204976,97.14936168162791,12.58941226373676,0.8031808083294325,242.3828084260499,CRITICAL
788.6080415066994,48.758615789988,112.90669271173495,35.04529998690032,736.5401938059084,486.82090416587,97.19111251004347,13.108283672333336,1.7733739061516989,658.8215763674771,CRITICAL
583.7697245966735,35.64778879320783,80.87312868429726,31.89365476527575,604.0547331220744,181.78748239165182,68.15021231864355,7.306581392392829,1.631130758186309,329.5856083186349,HIGH
195.2904216489798,14.79140681385483,26.721965713317125,54.682093558379194,84.78656058971646,25.152499608707043,49.79538889378989,3.932474776761534,1.491454387670751,549.2519708735769,LOW
552.3496655903634,41.8396426314109,75.6186801555199,48.579415567255154,692.5324538408734,171.60701361896918,71.9598160179664,7.852521492409077,1.5697898854447572,152.8612140109862,HIGH
516.5437464320521,31.101545692665457,86.3613784085662,57.30156673200813,530.8283364802517,252.38433853691268,78.04523631224768,7.027948456492648,0.16035489950377407,464.04164163427515,HIGH
462.25775519127683,41.52111704471695,77.43583853421879,76.85052866078847,476.0804221180415,191.31568529336795,76.17309910002197,6.960627273787087,0.3986090886368342,507.27482344268844,HIGH
834.5950987365534,60.29537885938649,108.29472710580734,60.286939842641424,829.0127632100034,363.0551136146439,95.94225068368547,9.726280992553182,1.961472226759923,568.8434195610296,CRITICAL
268.64233209157504,17.41216706969618,19.23462366007606,58.826987684277846,136.9563550666589,8.982836964104955,37.795626158646876,1.3361178465957264,2.447563839855585,484.53038500276296,LOW
496.57571722224543,33.02509522356811,87.60608041287006,39.52470988794013,669.993784447266,149.1834640606245,77.84480461514082,7.536597790737856,0.6312839502211566,166.88836709352688,HIGH
365.8111761786298,25.09268459281234,52.799798534625054,36.93954957845639,240.87962405064542,105.37535972549767,50.27019511889066,5.923393290427944,1.3020835185088517,685.2637182670311,MEDIUM
575.31241261486,37.233842883409764,75.0417720877937,30.848946298376777,563.6366334352105,251.435213061137,70.85876200194669,8.366476805825524,1.648076991102789,447.13877726492467,HIGH
390.6195823660004,22.860991140982613,59.965246093853,25.359827679328568,279.17342712452773,47.86186044103994,58.52801001982268,5.834936581990519,0.7705237916480102,340.5750226348548,MEDIUM
389.83821222314157,27.790939808783627,67.89669053651537,43.24958813474734,202.09176680062603,55.66856132908193,55.60507711032557,4.921644790132709,1.5839987935347208,662.3781101444195,MEDIUM
373.479975730545,21.413245193195735,50.815803280299576,77.46906171359473,311.3909685866942,77.85350444678944,63.365566891909,4.750550057830538,1.4713555522583115,552.7727022119046,MEDIUM
269.5083324732031,6.3733068561048,16.58954969278228,53.16272106739585,121.38420446831482,21.458166926017356,39.534142892417236,1.9971493101787368,1.2671583227654073,203.10249840061672,LOW
809.4611026928915,67.88321481398738,91.35127959011066,24.78546176345423,718.2395953110674,425.54556405151027,83.27093837319748,10.4041529808425,2.295450622138907,289.2543974148011,CRITICAL
739.8769779492978,53.396486770630716,114.02655529044034,50.9645181042537,845.6703043558753,392.1352316877987,81.02308821232818,12.365724767803686,0.4228977170243416,489.9735168293983,CRITICAL
267.13189162571814,9.021429153728274,21.402386724964423,70.63197092136267,58.03104790013951,34.86105601409453,47.74105805244987,2.7430583042950385,0.797948139280804,486.12631601189173,LOW
323.08292091654323,6.787590388183363,24.45410472597266,48.77908238621079,181.81012763102106,31.648092671948827,38.65887578973111,3.226601581985399,0.7001056399196329,482.1583100486582,LOW
342.0003301334995,13.69347761040472,42.80422108300333,43.9738467924775,171.8375017943776,20.627216025774167,33.19813359719337,3.6641230714306894,1.8507180361757487,177.83172207906463,LOW
832.4743549174002,55.0889468874295,118.62859442742334,39.882602288714246,974.9480549292755,520.664323490741,81.89008298912049,10.932965314627179,0.4986425497563601,356.34228396280474,CRITICAL
314.7313893592506,10.279448135056459,32.84831771023852,42.74212251169725,80.46277664136336,29.864668890374944,32.569446966915464,2.688500892255947,0.9321726818112394,314.6918980120671,LOW
336.13051775325505,9.411691183511593,43.29403275044224,55.782970560009645,144.61667283069374,23.23260010865229,30.59000946767724,1.7833338106994057,1.67902544917579,278.3064518532535,LOW
362.49552906359463,18.102736583237,57.71391563954805,40.77122827543096,398.370411025479,69.98134029252485,52.00823031152415,5.625454658774286,0.20356629399537457,376.9349991389418,MEDIUM
374.4711520372023,22.83154820027771,64.43838994322516,22.852829221290058,256.1764369391554,104.27715477001249,54.8999736294824,5.703637460718946,1.5490350413873675,26.572353913234856,MEDIUM
285.22903480262937,5.918761490229631,43.65160966385949,58.7575518759263,153.70750787430052,23.49184721508234,40.823744736000855,2.71930643550561,1.628555231239198,100.13182176355083,LOW
428.3458369397362,23.687381388601317,53.601944947507086,68.75265455870715,206.38705188837827,51.402250914706045,58.531744093902546,4.768922101512699,0.2937372475034431,123.0411109371011,MEDIUM
402.8542013034257,21.92831923139928,53.23111409128059,40.44269111205632,242.45190664869844,52.68935170454792,54.140333633797894,5.669387680962322,1.3347681839441412,228.79989286061763,MEDIUM
458.2074257432706,30.037278318548402,79.93471413568261,72.5054939758542,538.6508669712447,245.58084270403276,74.869270945247,7.472929825261045,1.8056477059013702,422.9484937172209,HIGH
449.8254102209363,20.59124373717109,62.333806105488655,60.24611153322357,283.2627607958982,115.50126063741644,63.11536471733296,4.702174147092814,1.9224198210134316,98.45615249974428,MEDIUM
395.85872010916415,19.190829846700918,63.974385058492054,62.74343006626847,361.8650399492682,56.20492446605467,57.482704795429825,5.0933822341223856,0.21012504194021453,649.3761506265364,MEDIUM
433.1817386653636,26.846447574076038,52.16178240081884,22.36925534721215,305.67364246241175,45.89389572699069,52.96911034839993,5.689779252851345,2.2069234744512123,648.5188939511229,MEDIUM
203.74917335199726,7.77162325861044,46.862460517456,56.68521554355926,186.53363755833172,27.256035120952006,35.63738189723298,1.8681957158688451,0.7770942672456158,604.912389274446,LOW
378.77555248075976,25.578830406527217,54.38172549049483,81.63320417374943,224.22586671679534,106.59052441701934,60.3487465015035,6.0643395287039565,1.901652520621103,628.2729283060415,MEDIUM
371.88385927032533,22.128067681698408,50.143794923182895,32.03018298447239,241.68943639641427,58.95951386655157,56.84785499069868,4.888020527051139,2.2628228515940982,129.901092413237,MEDIUM
477.31151516294,41.347847924853575,68.61756368299477,78.8703964017376,506.6823512887944,150.274810792154,69.33296464072814,7.721187785837878,1.6590228872016737,217.72637245743616,HIGH
449.80562584684907,23.373812509243265,67.28975293934695,47.35926753567062,237.12850291184373,110.54358508430872,62.40519647132962,4.451622209968525,0.5474519543908956,670.3998705156521,MEDIUM
264.9103918739685,12.10295061820897,15.510534495849619,44.576686085732064,92.16828612088051,20.793298730703285,45.40693031483697,1.49476029318333,2.1497751297799645,619.12937445249,LOW
851.3538305294198,45.37006533199765,121.54931700366906,70.12757358469499,829.4198430650596,313.5368876009876,92.55040359950073,9.527491245299576,1.62809662685508,645.0220124333099,CRITICAL
292.44096295412146,16.801171911264706,16.006491204918714,29.230445293419518,159.96584978341366,19.678357650138715,34.93669075039041,3.46105941348524,1.0832928652501477,424.31042569358357,LOW
468.22745562740863,36.242458406608336,86.77230312219615,77.03037881912606,460.36518900542245,207.23229620048636,78.29023435761113,8.581790005841292,1.481380399678626,216.2068013135919,HIGH
586.5668823778267,28.012203485918338,71.62265482471231,77.93961244766263,450.16245781711245,276.6756999526589,69.35698521432936,7.081649214159881,1.1825145875542262,269.73874507383357,HIGH
511.517461699552,35.30470227381691,85.99387012565612,41.59044457094406,489.7132161937611,220.99615077462067,69.57722477307092,7.017813761961627,1.3951140863132807,393.3749102634466,HIGH
971.8531859895327,60.837215812587154,106.16953931895188,22.80617218870274,968.6608206500654,598.0477823048284,96.97216670024966,14.758000726296057,1.5097905165964733,563.9098097345715,CRITICAL
925.8022621239011,57.16868682559581,136.53613909277755,50.83492281122,856.6379581712616,521.8128952401282,99.85351565654734,12.569608266557248,1.275192581061493,67.65770504179342,CRITICAL
400.8997521272649,21.634083970660985,54.673674455316224,71.69825362528869,219.6976685999307,43.32074897711522,53.949506397645386,4.530012983560679,0.29082416688372537,221.9473110291042,MEDIUM
865.8324980746793,47.578169365654325,115.54346618361845,79.74699429257939,834.9790642992796,552.0414870456578,93.65157542561317,12.668758096081593,2.2429853272762292,69.49804143659198,CRITICAL
871.8882593221975,64.4696891187601,123.85086943758209,62.46252799820751,868.0922259592777,383.95609975145703,91.24326017256017,10.890751131653406,1.174959742655396,629.7883296963355,CRITICAL
442.0780031357588,25.273359502387084,57.49186708792244,49.4683369706853,415.32343189617046,42.65428716699394,60.946539531722664,4.689786373663358,1.7955831715121733,468.6831372591215,MEDIUM
312.0888219056966,14.879816344727505,20.839271291319363,28.227145105372294,68.49073072764506,16.53641375533568,39.64334947864809,3.4174729431593955,0.9245598289406075,515.9381939384633,LOW
838.1373472550723,63.38269090944069,127.5896029911939,32.347104124293296,879.1950041607778,440.08478316953915,96.94698200558332,15.150316835329757,1.8358148759461612,305.4876484856433,CRITICAL
438.6798289532038,25.16919722168867,52.84477418794246,28.00177422365678,388.62095531358784,65.55791516530672,62.35713370312934,4.775036669914283,1.7913140840895332,527.0813194948671,MEDIUM
489.5949399859523,32.973109037645365,83.15127768639218,21.419136712186393,473.00052555421087,147.1988742776555,73.18646067328223,8.61320237926345,0.47780042437156384,146.76684358407758,HIGH
226.69438255819733,7.824405130034042,33.455129910728836,73.82511550252923,133.59647348681634,22.7939469738234,31.42249594955456,2.662983230073954,0.6917245076475135,104.12272844075174,LOW
745.9826092187006,48.254423959034426,95.40174933275307,81.88102945885802,702.1251670032326,389.85026101725464,80.84254321418071,12.306579882275749,1.06446647135117,293.81705328562265,CRITICAL
836.8021396705506,60.42439772589083,102.11323401761591,29.030786104307463,850.3057938442884,350.18767807009846,85.9264035519522,13.766159469211141,1.2117876611874692,619.7723183942803,CRITICAL
407.0445491159015,18.3581853686295,67.66507186554232,78.81918846993474,399.14834854295293,56.695417412488574,53.55807474712543,4.2939516460662,0.9073725022568665,145.23211148623844,MEDIUM
405.296665819028,19.039281468966664,53.63123453718652,77.85777674854197,221.6098703767139,42.544244762800425,63.92373213485527,4.683859274687164,1.4035214950223958,245.08120506418146,MEDIUM
238.69596420512278,17.719162255566737,39.29097970715763,35.273181794477466,125.50268593127637,26.935909054027416,38.104905438625764,1.5129079028946484,1.6217124849569666,514.2966634177735,LOW
464.5655759820993,41.107122761565066,72.95876225114915,58.3827275689996,602.9208894619535,237.48153050120976,75.71592780390272,6.2774615907652604,2.21115828463652,433.7401190857438,HIGH
381.90674354740867,22.40314907479339,61.835564060633786,67.70487205908972,340.6248597206464,46.52947748372655,61.0652564778814,5.354267029377464,1.2657497214053333,157.12305475804092,MEDIUM
886.2586357682642,45.40897825970209,102.21241960918873,30.26790700428357,901.7418576077109,557.3197126459131,92.5664445347692,12.86227854582192,0.5151956340391515,210.1332348511799,CRITICAL
830.3308255650489,61.78995211118645,113.16229005535855,48.869564283748346,761.0448215893407,434.36333509804217,89.14770439250235,11.631288200046678,2.2604550828818635,12.59471579506715,CRITICAL
587.2374724309213,35.59932410765222,72.40200464644879,64.6972689133664,562.8596131791335,279.785766896462,79.16344284323444,7.037350609890032,2.1337022606923415,133.10250109999538,HIGH
634.5390604468066,41.852228091687536,79.38854156994415,79.90662560314104,509.5505361465686,181.8996113587724,75.99509416299435,8.058110850139121,0.55513675755315,430.38941160197487,HIGH
476.36507819289005,28.348283404209734,79.50986171210033,39.38187357399316,496.7294305531436,210.8480579706483,74.88220660417845,8.69678825451024,1.5589005165344612,562.995756763611,HIGH
319.60291436536716,15.034253019179657,46.81104760642208,65.70960450984545,91.21961428305755,25.662679946766776,43.725406660160324,2.2748926088276695,1.0512610658756358,205.13785911939644,LOW
389.5902355027362,27.169784985213827,67.36153734913125,69.82157891855618,282.18099505400494,101.47157795025436,63.820864054504135,5.310602588800818,0.9730903808814889,548.9744822876693,MEDIUM
607.8474172456913,29.352951480580185,89.90862584605242,83.11324888353329,591.0031445920888,193.72815465767707,67.43014674410315,8.070730815768348,1.616554604590679,121.81442706669691,HIGH
197.9708073585554,9.604694887005655,47.94200276194766,53.98098338481177,131.0011046205462,31.98526283075337,43.61666304957248,2.1702002202648507,0.5657575072339227,530.2896119578427,LOW
839.5042743200131,61.28233877592224,130.1433152257469,53.49733159310474,879.1106612072455,567.8461121408351,96.33012561553866,14.44120695203181,2.4251048693050787,682.697518388726,CRITICAL
953.2679991994519,54.65239547344763,115.32685679573297,82.1889544586956,900.4772520218606,350.853154609269,98.45080536020532,14.53066069234185,1.2786951090892986,17.661622364581426,CRITICAL
778.075007589141,51.967895475402685,136.7490067359059,48.03323269077192,880.7575898326554,500.6689108535834,95.36388757254907,10.1947987812976,2.046053535583608,517.2387412935647,CRITICAL
963.5889227514789,44.751142729668544,95.98952464265042,84.5927447682615,766.4658646232856,540.6994868284978,92.17247824778548,11.969480816298326,1.1293849214442946,638.5947620758774,CRITICAL
358.4878044608952,15.244530289858265,30.10291340016471,35.86128157375116,81.42869108569208,7.2644347595908725,32.10441306080685,3.287493859712795,1.2385642479789716,258.62331737275207,LOW
215.14154896658204,11.609805079615562,26.287301087384876,23.023786805314796,116.3759627821486,20.155421995342135,31.38591748644849,2.361550706605126,0.9018341900760233,168.2079351947565,LOW
369.6999875147208,20.159588278797507,67.71875645043701,48.45456109696082,262.1060485868178,74.56724544274641,62.06168133173449,5.725508343234226,2.117824061949172,525.3647368445913,MEDIUM
614.7280413052683,34.61475476103548,87.55413833277046,53.55123704402618,460.0639975872191,202.50623884138568,68.07916223378143,8.088517994112358,1.9862697779150864,0.6919032895162758,HIGH
212.22755278938425,17.95155158176646,36.464951026409985,25.204764716166334,191.16535731485936,20.274273878679843,47.92358618480136,3.0449347909392213,2.4201910910144915,56.73797938735473,LOW
710.2975360557847,66.96430904676859,121.14146899925441,22.901011410484255,991.3478116967074,415.6684654139435,97.13960827310765,10.670167663695908,0.5604556132514451,357.3635273252041,CRITICAL
272.84562173802055,5.039550885668082,37.91206374866483,35.11065100371341,51.68404560924172,18.611240220871856,41.37154471974883,1.2359514893502719,2.1084628732252457,560.5645083115758,LOW
932.6763415630094,45.058734906360804,104.86583976337636,28.568747554139854,808.7838379831032,320.39654402197283,87.6135944305817,15.278222208100486,1.8035062371101052,628.137827427746,CRITICAL
311.46465278516064,12.446063900073288,36.276454498743746,59.7608620113004,165.5270802227688,34.34606034570508,30.202611326452068,3.392570674205562,2.32466282372285,182.26719124326584,LOW
921.0709709428767,57.631094656249246,98.5784643919516,21.046248275001044,881.0134577469432,366.6568089851371,98.26191166146955,12.230728375428034,1.9764122615572313,346.37235538479126,CRITICAL
826.1652022841041,65.12401294312468,98.03255953596386,45.4904419395734,1017.5089736345712,564.3884774347637,95.78285111573754,10.55351546875822,2.044348501064316,45.535653442924875,CRITICAL
363.35605013515163,27.920916125755795,56.392274352001905,34.94819319581621,210.7967381987311,45.083438236506915,54.193475409960556,4.013202261536642,0.4809540853769238,320.0950163920984,MEDIUM
269.8463955295699,10.412787300104501,28.987847759917766,63.25785313591598,195.9490467691286,18.88982727827218,45.27617321593089,3.6621598896115595,0.5323887631779138,622.1748566918582,LOW
897.8057809909695,45.85934875448576,90.72604016768783,42.39319187292631,857.7360735351745,585.8375462789837,96.03046637116584,12.80319402470956,2.4318261845620697,233.1239564045521,CRITICAL
778.419234197362,62.381344928652936,123.378897974192,69.86272440099378,886.319523187227,330.8945949724536,91.5484953794579,10.539972089168142,1.8398928041180422,703.9790919028674,CRITICAL
273.96476627129533,5.980734079438246,46.912908322083595,64.64880221933763,131.63951584354973,10.608376333415315,46.97694269889547,1.3789199032584745,0.16248409278617426,195.66943299702578,LOW
434.1570007247624,18.75590437494495,66.72235085745852,29.842001216129606,202.8677160449065,60.46387962791262,57.30532259086473,4.447936429707507,0.20321501259267327,236.84044600031567,MEDIUM
972.0863974319734,46.50944938218792,108.68260220895202,77.99718618491602,977.0529664752953,563.998866621974,80.86335632334115,10.444625806969896,0.6216688625758827,262.6950517796281,CRITICAL
501.20576855016657,40.332613645844,86.41681705258573,48.56127189876512,562.5966538632078,173.0484453233503,76.20981147806194,6.619448453981799,2.416114704528866,370.7280074708233,HIGH
370.64944403846306,18.80154387553807,60.2856050772712,81.51110746250154,331.97035330547953,62.77812776094937,51.15700746212257,4.742641790912618,2.0968914944708574,350.18265626846846,MEDIUM
533.649687490679,28.329411808608,83.3316322834152,21.496673672426873,483.89315853293004,295.95508369808823,70.40197902682975,6.843268816181502,2.3135634961552283,459.49353304452785,HIGH
354.48806039011777,13.54237622714804,36.851589473547705,60.13684176294481,112.09942481480427,14.385453960091274,30.923118066255,1.8230121016343874,1.8624375951536847,604.0168115713321,LOW
271.3675558281455,9.307008468890572,47.99173608323794,61.35112415735224,165.20678406038024,36.699761377598904,43.79937657930685,3.6555496965366583,1.8231276401448093,64.35406497954871,LOW
396.51974520274985,24.141044232956595,54.074789638617986,23.926654185328232,206.5150547213802,90.08201854373564,58.0289825732895,5.418817284260729,1.5473044092475017,621.186489151941,MEDIUM
673.5805800277373,54.94642013661499,110.65162007664553,40.008894643851434,900.4741382813622,547.789834886039,82.29741311184684,11.009400471036853,1.6280293336481726,250.2211110370459,CRITICAL
225.30332296549008,13.795450773044255,44.6572452743132,49.39907552452328,83.60954606734592,15.650580118728213,46.3670162651288,1.6074484818315629,0.5387441548783439,564.2020770422532,LOW
563.6821499576017,37.635298282695985,87.38991735760102,63.40450620361052,453.5174850986193,219.88527633822207,71.85916983084051,8.803146141990323,1.8034954523881108,73.25234299955542,HIGH
491.2966748049203,30.753893187267103,74.58607756150103,26.596814265174498,450.97732520283404,257.3671856668883,71.75755439340168,6.867971782836097,1.2766704508999185,358.7548298679113,HIGH
368.06135618003606,20.69531613258014,61.94226965296083,49.547013069581894,434.3589377671,92.30661863106879,64.89147806328589,4.8265882023389555,0.7706132905871139,617.8257123525825,MEDIUM
708.8880831216168,64.70279632199195,101.74950812818416,26.224760894404245,720.8000248545877,572.7145463161723,80.69547615339856,10.495097160489282,0.9706287903706521,358.2742496503959,CRITICAL
245.16774418688954,8.437139832654207,21.69973215270395,53.334263541963,137.72909645227702,19.965988222944027,46.94479500431457,3.66019628150013,1.7056459368066803,50.896053311893155,LOW
471.5369410526706,31.716259511088314,84.10352768090333,75.71130266610355,491.2399592640237,217.17153170356931,69.7461868587977,6.46981015177622,0.7176127045185661,102.5341913429499,HIGH
695.673324433932,56.6391224736937,110.40452579408029,83.51647705947767,802.9628757602715,516.3480460761057,82.25372797211095,11.559334763857784,1.8937125315947483,303.56269868566307,CRITICAL
390.53302457754364,27.770925126064846,53.107686404396254,55.2943043633137,352.1062086768097,71.29610534360155,64.41177230878223,5.926198343198812,0.4180750583410728,280.4232109291057,MEDIUM
802.4439234143658,53.96296757184608,116.27301720634094,38.91752365797048,976.2707165771471,435.10223496456416,97.7810955256289,9.304749837984252,1.128467759883045,385.9175305019316,CRITICAL
946.3494468536608,66.85978969636807,108.22689043027307,26.157243842263185,821.1406207739294,455.3680031900755,96.20289575590962,11.326677557349344,2.2286293174148324,626.2815670090503,CRITICAL
202.84308923858518,6.574721212803466,40.58091066695112,29.415451284652896,107.56482964269065,27.829453878377734,33.344567235206156,2.454890006413475,0.40213131912601,56.57413391144398,LOW
497.985891919834,31.404570055856443,82.60692871617681,41.710534275083084,686.4122999702684,140.0723861037809,68.90100277398037,8.591997209849385,0.4262447874711247,665.5060234215107,HIGH
410.39696411105524,22.03224103798964,53.53360153024982,43.65751801656063,337.5945292574845,98.07029520039963,60.990944572058915,4.448492862920867,1.780585099549505,307.05699008203914,MEDIUM
291.27874126574864,6.105113827789767,41.528947375427734,20.49898877322975,129.7817953965482,33.88586152680204,41.934742719368266,1.490943167505099,0.4579350402968628,47.02474552842059,LOW
239.24790518868187,7.078621655353922,46.7712756220262,77.90865994970139,57.354763005690764,15.03473870004873,44.17886300725247,1.458739491466127,0.5413848162414623,587.3652524939184,LOW
270.20530554063885,14.341068757304162,46.32552838983091,32.71963317862197,162.26250970921274,34.06421686324752,32.84504633090892,1.8314977843108102,1.0650861306351034,491.36980135239605,LOW
995.8499762666135,47.369042303764125,104.18664132369841,51.04446514521355,777.9708362020764,493.35193348888987,86.12922523944714,15.197709204211618,0.4303296987734989,596.4321906905277,CRITICAL
939.1911949784624,68.4119644269675,131.76304687062805,49.9642004757217,765.6948446485793,330.26458802970694,83.18210941143332,13.962113120844464,0.36154404900106824,276.1098602288246,CRITICAL
409.02644158547054,20.873132737702015,67.31094410582597,68.59099796123195,276.7453547823101,101.91591357359289,57.5323155598941,4.5505844382247735,2.0286258687057024,565.8533960895796,MEDIUM
440.0986443513546,25.16736211577613,61.54523399490479,60.0999228154464,290.0264171273566,41.55921784980176,60.23652637131856,4.043981767584973,2.1492634897344254,180.84952125884766,MEDIUM
371.7914948212481,24.187806635837497,66.08422542871844,68.13338334428808,247.68305573644648,99.65254031289402,50.74416888462624,5.205135452056448,1.4607533869171714,48.924130639786554,MEDIUM
497.5663703506095,33.67977291975121,84.70364373114404,68.52704701653713,600.8558786557699,290.8428557918857,79.96220499488508,8.862329636941448,1.916012180358293,455.851455891083,HIGH
208.4680191731513,7.233700652341961,45.57738573505294,72.66876678793076,112.64327182571093,16.65614688910582,48.35172743973506,1.4984410267478214,1.290275862747589,198.8530810229904,LOW
704.8791588927593,47.19728038913141,124.09164179763988,71.2374409200315,1015.892681268734,561.9839628506415,83.55613083027643,13.776314272809655,1.1512226338447678,353.7547721590113,CRITICAL
612.3829218315725,39.577471950188894,83.38413726293744,62.40915725983057,541.4223411573378,150.9223123773926,78.30180316018338,8.829967233797626,1.6755075540056132,601.4136533964926,HIGH
211.14333400641266,11.153247867985975,25.296498330505877,84.87041521329338,58.89012050699529,6.9347416963075865,39.90045276282467,2.1430104040903943,0.19956037132980975,415.47056120126956,LOW
468.6200863906873,31.852840955905663,87.6105793233746,59.79371819914849,479.6305640967706,154.58840349639826,77.56771343126726,6.458779655820778,2.304914348930919,11.105105506141912,HIGH
183.584584972224,9.346676604294196,32.4089189761711,81.77878866560653,192.94025038061056,25.298972930247086,41.18274948071338,2.057616655162678,0.7055457139105434,562.2058080380885,LOW
991.926989954162,48.10331401704553,101.41329797904916,66.40218817688913,806.9386340362624,369.9932660728766,84.76006121539865,10.286124697529434,1.4217848088991547,13.098323554517695,CRITICAL
439.6027452073082,21.89658449538117,65.27076630564052,20.64559715295732,260.09339586966905,63.20306152092219,54.8697289035104,4.344984484079419,2.096665333697309,330.44837460833475,MEDIUM
698.8947533057865,60.58591257144007,103.47675384750521,69.04676366553426,836.0535215228282,369.0189591642241,90.74489484111079,13.45881851912317,0.7768629592068468,44.37838952750282,CRITICAL
597.260342639879,35.681287207315265,79.91691414527777,80.81347761640976,644.1511634648405,295.8651455395551,74.98266235315046,8.492764451220859,0.32429320221980307,691.013802674663,HIGH
445.8212166351792,25.732610738726923,63.684305752235915,50.00574894799671,213.7056451724444,91.7900019599312,62.70951184792113,5.685947602067176,2.4244492432960096,116.26807769372024,MEDIUM
918.7330500956094,51.826659420540025,107.26287866370757,80.86551281450015,805.0906853933884,406.8276898830804,91.36804678895551,14.362510268230032,0.9568916556335478,694.5887406982387,CRITICAL
568.1214018825763,40.91446150709527,73.01909999789284,35.84328330270556,508.551562651118,195.36524617981885,73.84480819563659,8.907277747926926,1.6186705468667881,438.55485941756825,HIGH
550.2066707558005,41.73572768288052,80.62483660135251,66.2965037011372,651.4474919876753,228.35546021271318,77.03150789166011,8.03829310593893,2.1329358387546344,30.591275084411578,HIGH
291.9330868043039,14.295035217859073,43.01247939935707,29.119631595693406,190.37458099248042,15.461155592179063,48.312065599534634,1.6346433462514565,1.9548592658816148,514.1546789708192,LOW
247.5747127259459,10.061829523922917,24.082178976915646,83.11240306545102,117.96920946151789,32.425300776251525,49.88407327210963,1.3584295330707428,0.8905394114210812,97.91137091575334,LOW
193.90082277811376,9.210993776878208,27.14870488025,77.93596230493203,152.27906907851258,11.741222020813293,30.971054017960217,3.083288364779539,1.3369479687550494,672.3810061420962,LOW
368.16472442512895,24.381825269675044,53.36334165123908,46.32692139920236,339.1109226293021,65.36164543924649,64.11133056814163,6.090063138333608,0.6344030395527932,51.70595705150457,MEDIUM
197.90744596514926,13.365853115814248,40.16993387495986,25.617339438092262,70.61372308230187,16.041124247694466,32.03552718579948,1.6559283042577753,0.15086612229687787,653.5796395068376,LOW
500.5327799270486,34.46270686084666,72.31293557642266,56.57503935822333,535.7955287445865,223.09899621908033,73.42713230139253,8.789475032389525,0.9722493189468295,103.05612834049998,HIGH
445.20915173909,22.395220653053794,61.05668795203563,56.85265670862136,377.58841211918576,63.48548062168789,56.34823861495572,6.050437220875816,1.1027208610129962,386.753393382612,MEDIUM
418.79138836860915,23.837252148973324,67.92413346231412,32.51782495471934,413.13965423595437,62.70859327269732,54.274788809504514,5.426035855684994,0.6368394429832492,143.51927656975192,MEDIUM
443.7069549417649,27.92127021280289,61.190634804649775,72.58435740194744,350.50668235695025,70.11286621021712,51.6622799657496,3.9702703756243483,0.6822479098405871,457.54988487357997,MEDIUM
410.6817004094732,20.09091437060775,64.38866054153355,71.95882671249645,376.03179678361926,43.67579552650579,58.3557451537435,5.87082011198582,1.028427527899396,271.2938331689644,MEDIUM
732.6629341105804,65.66427283242498,136.05855819013794,46.58557601657158,994.2126558160132,553.9902037652621,94.70540665007036,14.201427103751643,0.6423393944255625,383.1714139749421,CRITICAL
544.2865072565829,29.145608282842343,71.1983989252095,57.69053767715862,463.0598785786639,213.28439111258936,69.58379828922472,7.488230286423395,1.9360140897502183,527.811528087935,HIGH
407.66568488735845,20.223048539828916,53.4941330524529,62.34155228329392,320.26094788107076,46.29219486976696,50.58215122439458,4.709160492851307,1.337698367820478,192.44885807975703,MEDIUM
427.9955695194519,20.487207975825733,67.9948599126903,35.080040752994705,359.87314641258394,89.62066729920878,53.7685988867474,4.288133869491877,1.349721375731643,400.1851422968935,MEDIUM
542.1802681245881,32.44704609596284,82.95667662057852,29.384116073221527,663.3574337172868,198.40638797388047,77.50274691933271,8.277392816015624,2.068429331823762,206.96390097310834,HIGH
395.65422063959903,19.738314789370502,56.526639257441175,82.81331445997795,409.4593743568152,88.0981016882432,51.31497770932866,4.697305473335436,1.832008310707798,245.1105523978072,MEDIUM
490.88119996331346,37.96789033744074,74.87242270020478,61.07030629496558,461.71075314977884,150.45381872813377,70.83730836623023,7.878147294172429,1.2862216226829537,432.72396061559886,HIGH
531.0099212070546,39.52648421056976,89.762178703276,48.20333828320318,688.867836777729,298.17057407253776,78.57471061026455,8.309372694758597,1.9076389549040795,209.74054457944638,HIGH
955.5876989543516,64.54866477635414,137.74667922369116,58.36025587448058,888.8139859583255,399.60567723332804,84.07550369269958,11.467823108778212,1.35057139050043,543.4720673977909,CRITICAL
402.529549504642,27.341933024054114,65.1735621251606,64.43624345217276,321.6099622793584,60.07406715691683,64.02199582542765,4.016889429013863,1.5502721037607825,490.84064113528694,MEDIUM
228.218825611308,12.913396080726281,38.699267092044536,77.61537301959191,178.99883547791933,31.600975367384,40.31522603560287,3.6526047738079974,0.3315468724234426,245.06675573692908,LOW
443.73898741952934,25.966094958330483,50.719409417226814,37.74400048273657,247.91868242584172,57.31108989035455,59.555353271998484,4.925676037771308,1.4879292573094218,507.05736957659803,MEDIUM
382.23976349414585,27.54875612785156,55.38732149693449,78.29926814499444,228.70385196684674,90.97105372876837,60.08315855194799,4.860569144586829,1.2224980311662632,580.6734957998916,MEDIUM
879.8257684819446,61.520342586603455,111.11945722701435,28.836284948169165,1012.1834181116111,509.0327984686119,90.296234038844,11.26266620384892,1.0785330395016073,568.5621390216589,CRITICAL
417.75100881491807,23.604147013894583,65.8092087448387,62.85034314775853,245.98597587670375,81.99652491085604,58.371664725406845,5.6012759747174385,1.5878683290980484,140.0364341375495,MEDIUM
626.8264448791062,40.23583416443716,69.72533874091637,76.51164594107732,599.0241689029921,242.98614312715944,79.79147699962624,8.126163703513669,1.7094901385348538,303.6488232267698,HIGH
274.7923560461146,7.912605537388318,46.45217227844145,49.622272556935954,150.28116076846607,19.797708790027027,30.46076534133168,1.9520734195951466,0.635687481495953,241.23167439707237,LOW
600.7906537087172,35.815541805707895,88.24120078595396,50.170884974350145,621.7483432658366,262.5815611704246,69.8183123331411,8.906873201462144,1.244753273552271,291.0987847711484,HIGH
626.4890246912112,35.89683307739162,85.42917107869889,68.32502139948669,628.6569502626062,162.82032913973617,77.98351669862319,8.235411396722634,2.1778565036457165,101.7891855806029,HIGH
272.0598321785777,15.0569093928138,28.20189102086746,25.600874888318337,71.60428132411799,34.11531724430725,32.08828464333293,1.7460260805387953,0.8302107225983271,103.39244790426204,LOW
386.2257403958428,21.06055958598671,65.57062947730023,72.1606816290111,398.674910498704,61.08914724163065,59.024945574345395,5.613875871929511,0.14609136741816467,128.6548176950327,MEDIUM
396.6773080589634,21.750562141955047,66.77993323703927,25.36070716275381,431.867538405401,80.23574467773518,60.162020155214094,5.7955603481318105,2.2243633764908557,678.9969808663285,MEDIUM
459.1079669986201,28.114688052138114,71.20069163219338,50.25757530705707,559.4811611437713,246.6088535187409,68.61930273208576,8.379054906986614,1.4523032608337851,555.5605597469514,HIGH
518.6082964750361,33.238062697024205,74.09735528394795,63.10242088413402,575.3621751685871,202.79612639812865,67.40811571745527,6.727772206822928,0.9860019934452413,495.0879992856886,HIGH
349.96798533966546,10.904746152286027,19.01268740414875,72.20172485144987,191.8324858480817,6.553239744706865,48.64301096807512,3.7812930487697014,2.2425063823960385,670.6562386413909,LOW
240.15265780101117,16.396646456505227,36.70132110185922,67.98047511669974,181.5134458184866,26.682136718952574,35.54883509153007,1.2811761028463053,1.1144991820116423,463.95967922574516,LOW
481.54808774403347,30.400637816575397,71.27743242317376,62.35841909838464,455.6047426622597,277.7245175144815,68.86629702428215,7.198677680263721,2.487267392243214,365.38974212251605,HIGH
395.2581942000136,25.89383929795877,52.19634314257906,76.8882722082036,327.65856699402264,100.88970445941825,63.06247252717285,5.008142932300354,2.224570638891723,711.9449021328966,MEDIUM
710.7308183736441,59.43577210864352,98.77439183085937,83.48378507634187,808.6161696392744,388.20917691934653,87.82122176089878,14.248647549804163,1.7971426796093541,593.7523030552929,CRITICAL
309.70267988145224,12.085932671863866,22.38508255714176,52.35035449205285,177.64592000260808,34.09120621827708,35.66964857411459,1.4401000868344767,0.7888362297206976,239.41499744460566,LOW
285.4841159073986,8.17434027050504,28.97790445486788,39.143323009312944,191.02841330344881,28.56330963740262,33.89540864566491,1.360589919159241,2.4040384441341387,34.8309830014506,LOW
729.6947466199753,63.94606303502249,137.8065657824053,33.71321538999647,1006.4985192946392,543.7014693039298,97.96560358993796,10.086965837639429,0.653197536346856,289.9680702481169,CRITICAL
542.6083295772686,41.59353723008527,68.89185169890497,74.56179877257841,612.2408691972512,124.77759360495138,79.70812972990835,6.741796480798762,0.302215336556019,304.7319040087623,HIGH
832.4513122305669,52.28709165561425,113.9143523301224,78.64564818140359,945.6018437570251,541.99510616781,90.84580661049033,12.196038017879484,1.846638761685865,16.915316095516264,CRITICAL
220.436495471576,7.458802010059195,23.5747266686716,35.01576478727617,163.04221761605214,11.482813339371406,44.60501643329152,2.4801761403980205,1.6317005699482148,692.4298790640933,LOW
229.06255606535478,7.45324444418564,24.892461882671697,20.522092733706074,120.38339921614701,36.24129541828181,46.507665528849344,1.8036621696251174,1.0348006538605448,126.65118452618663,LOW
435.7840912587737,24.449056805717404,56.59973806945584,81.61634867367727,285.4588859411638,40.66505138099952,51.49366317791053,5.348743517208234,0.8194340698724187,435.1969015939313,MEDIUM
738.3246119024714,45.272958524193825,130.6063642610515,79.76430760723272,872.7507615252549,416.5734988284049,97.97201686679074,14.25419185204755,1.4442937789150747,170.6916209921175,CRITICAL
616.6835500140411,28.837828580808146,69.70873580479368,25.048734597027476,661.8805088022557,276.0622221420608,67.80495215918558,7.603640105459109,1.6995110487149812,187.25342080632254,HIGH
680.3999015621481,69.39653875599112,136.92397975410876,33.96892554798665,701.4813264429375,442.4745542352925,96.35165668518097,9.551284409319484,0.8598818029349676,327.4642183007326,CRITICAL
319.1224918536086,7.064288807034293,19.643220543917003,34.722912355917686,62.992816857244506,18.83504191399338,48.78617078019981,2.771206081517934,1.9601407366521482,602.9855422356918,LOW
708.891182356835,62.7601222652732,133.5696831736934,50.15381489119268,822.8823263656302,417.5185326095855,86.40743774017307,13.039406124814683,0.2938086148020925,138.69842830519437,CRITICAL
601.9335394944491,38.6574967343868,80.66970728135895,37.97604657030067,623.8782544356889,266.49598731694243,79.96476726441824,6.534924619405514,0.5653113337746798,233.53711230879279,HIGH
508.8255400941268,29.407567494933453,84.4343945023301,61.065895821374966,627.9586649403836,261.5999741274661,68.43684308750346,8.37953536255565,1.1345179782146995,58.33165089202944,HIGH
365.24235465302337,23.730534658681375,65.49740103436469,62.165518827849105,287.34056637352677,88.02005779056543,55.312096966353465,5.895113900335882,0.5819751357350209,604.9359676739844,MEDIUM
181.27286315744283,5.21304736955072,43.84883831361785,65.23878480221174,173.83146209038182,21.277872092935077,35.65597389481372,3.617283700348833,2.4494580483381494,353.2103923003891,LOW
441.46775632444667,19.10743657642515,67.29128098726702,41.09480816360048,273.29044058097554,62.478430871030206,61.63362482309324,5.538999937356116,1.9489934176704902,621.8624859878945,MEDIUM
263.8417144133192,5.650181844002123,45.382385142039524,79.16688575803602,86.0992289513765,27.011838990521035,41.82369783237221,1.2537890884461138,0.06317044477667767,702.316378381111,LOW
460.3533825282887,28.331918054315114,86.4366355851661,32.98656816732679,617.4101943633816,252.43424036664516,69.15230198772285,8.47419050189207,2.1542893320711123,705.3702907379084,HIGH
859.6761043500887,53.127127962603,130.55787000260923,33.3286371724172,1000.297341272525,307.3693864014305,99.43905161890802,9.730525821578539,2.0430034967053734,80.94787750903872,CRITICAL
294.89283492832453,6.014859059338395,25.791252080607393,75.04369170091189,103.76434058697924,8.055322406530697,41.102854942533845,2.489299776324925,0.4803725663969339,295.85972576824423,LOW
560.0958262581511,34.50422075079781,89.39007851334367,29.401972166866436,584.6760755483333,251.334394213037,79.16960989355059,8.596383954474057,1.55780092540304,136.17939975815582,HIGH
979.1398547314891,67.0195566859125,134.7054225602755,35.828072900771744,880.8102847837895,350.3366219773776,86.45902976863982,12.938971820165937,2.0744496341524,157.72489037010743,CRITICAL
629.3694026809809,33.67766707764376,81.26007314561099,28.30605993423218,532.5184888016198,158.8261102065178,72.76027847295285,7.803428373912749,1.4284634494537964,198.5707831889114,HIGH
950.2162937996557,59.54222476390049,114.77269557203192,63.959373556776086,711.6533394915961,504.4103880672591,94.06342585975602,9.759440634159873,1.2114805714052683,505.4674319240009,CRITICAL
601.0279162552484,41.42239165262242,83.53915193571586,84.98005814321279,637.375994160212,230.5344225328899,65.30562158992248,8.898632572785413,0.2155367697958222,220.39795995776007,HIGH
709.285724241114,64.10947624146657,112.06655348261445,67.95798370352762,861.9889829098001,430.6441405038454,80.18848276666576,11.850611405910684,0.4645019552368102,239.92683753539225,CRITICAL
447.28116365726186,25.490024052687204,61.35176921339036,84.73507352952292,272.5479754641845,61.90855736459926,63.04955052827535,5.202978604387297,1.350867271890731,165.2487238389005,MEDIUM
949.6892497169449,52.15374494859684,115.72834177140231,72.11474736632672,707.6743661800947,473.3428142290521,98.01110504503409,10.439920973575637,0.8635937628930183,138.46418081986252,CRITICAL
839.376775910092,67.03449853157433,122.39387550617141,28.911396691403333,767.2959196218021,535.7106410576798,91.8482339982358,15.002570976859015,1.2905144663781747,677.9959029534837,CRITICAL
320.2958730268315,8.784218955818096,29.199718244593534,83.9331678659097,180.52265233628034,35.925483044000835,33.902715593650605,3.8852845942378256,1.1120047131173747,501.09334495239347,LOW
943.485633814815,65.3405836004608,131.59396515346725,54.74348343741478,700.3882599182875,447.40420684472406,97.23433311529442,12.242465679990048,0.09440297435398218,531.4880285175481,CRITICAL
591.5553009360743,41.82967276356837,83.46546956094497,78.18040186493579,515.9532295649849,121.5839191140963,69.94604669736555,8.283955078910902,1.7091577056133163,606.403618554391,HIGH
385.6373948714037,21.207917567226076,57.02361477511161,38.56264767411357,237.1874779814855,115.36350909619627,52.58626352735713,5.289652242164185,1.3773843078470565,380.761319402641,MEDIUM
704.9274921419353,68.98792585885691,123.93094510177954,59.62012062863013,899.2164779305256,424.9880659195933,81.07411165218676,15.256275468660213,1.0072852627318478,454.62829641735556,CRITICAL
552.4954584241406,38.97469007318804,83.63446581124651,49.80472654100997,486.82963897910525,266.84856421929885,66.5157747236042,7.977635312846698,1.8804213483647154,496.2333634817523,HIGH
551.2386655907574,30.279051677732845,68.1062352998921,27.548072323473868,629.8467209200807,270.9645292267623,69.05428996689008,8.455719125167956,1.9407206799735284,163.75077348312493,HIGH
403.9644917879624,25.33354342299556,66.01696974658125,51.883301424099244,350.7881873453415,70.12175172279655,52.47233349479805,5.8630826774186575,1.2119189126827536,491.9466320332508,MEDIUM
726.4181116966588,60.269357625697225,131.97073581890373,69.49809456341339,865.7879646090145,484.53030452830046,97.72182117613413,13.809602864897755,1.1373492717749687,698.5482843357678,CRITICAL
274.1067731660207,13.43759437712844,25.97684251520382,82.2783443238065,173.26648989946443,35.49420325139157,31.17209636331905,2.432598484527757,1.3792320517488887,355.98702251270106,LOW
746.0455161567874,43.84372817789162,98.08666726132572,30.648691216855852,885.3065232894821,550.9352377428984,80.07210667375928,12.79532474408587,1.3307902806745258,532.8782562926921,CRITICAL
589.5290018864694,29.233877704580472,76.35844623063956,57.824532253060305,573.2756237839809,292.2605760929417,67.15108733508359,7.132439181597368,1.2717837641354832,585.2051291804764,HIGH
797.9342423075158,57.239476655358985,138.9639489996935,55.47042200355148,1022.9332164294626,313.58782951328135,84.9374321328946,9.67785244831487,1.9046156745318723,612.5380367582939,CRITICAL
523.2280552577977,31.802209781922777,76.80691070802148,40.8050724545482,570.7643108756703,234.22427507098465,71.23743812142847,8.790453830127962,2.09364190201265,475.94172007063185,HIGH
446.11621412990456,19.573059094413093,66.54440850608736,40.85989964934467,311.9092849864357,112.30372368868456,57.8068233585378,4.962683868593432,0.2178440455905395,386.9076737400811,MEDIUM
624.2722270703773,32.13040757947204,86.56906990588652,59.7135345103082,514.2255752510035,277.09175732879834,65.72129060439795,8.492699182486588,0.739778214731662,157.36711476768255,HIGH
699.7444636822518,45.97701711611551,139.57374308618685,44.41281804881906,746.9195166419596,456.35712735594217,84.07986832192472,12.857729333899265,1.667841969401753,319.2641637935917,CRITICAL
780.9600429647928,54.207751261897265,120.33261527224263,29.108747531614092,979.1667924743952,342.51775111894847,82.15583571248116,11.022137013060355,0.2834428115618384,51.70339985849434,CRITICAL
626.2297669162399,37.24852401348359,87.40483529371502,74.36304379725715,661.3294183745506,166.44265225912773,65.58921554387253,6.557918151548092,1.011686352357317,244.66275032687497,HIGH
256.92133196641623,14.061805623316436,38.571566677329955,68.05970136121225,168.68272046959657,25.235530813065775,32.76482101238195,2.9596440270180113,0.1653327795805561,494.66983438914906,LOW
266.1756449733745,17.5130906384338,24.32287947957036,32.17388413215793,50.527733852349726,22.265644638495026,46.39297451068963,2.3810848476261883,2.411036056273171,19.691981507649857,LOW
873.0036083990227,66.71492698276109,90.47088497116935,60.14594466121804,781.9014131437145,362.74002148469697,87.9913368094562,12.35638551296643,0.6149304425667048,4.843102197084708,CRITICAL
567.3392179306588,29.648455422508146,73.7242989765827,83.99336654741236,659.1889078838512,122.42823671088297,78.39542797432264,7.228286981228743,0.17456097380630986,72.66121972122681,HIGH
375.5586650960152,21.910322225069454,64.7223783753751,28.55513350243795,344.0521982741443,81.34112601449227,54.12102054042677,5.588162538374719,1.9002460799204903,151.7325715515875,MEDIUM
288.38185788281453,8.607910946472778,49.50534457385259,53.74191342024619,122.27275919549638,19.27434345769955,39.92592643290018,2.166134327128001,0.3117399114357469,246.18708170983837,LOW
263.4588307523983,17.326747556049774,37.30731756531411,40.33634584325428,116.907268606141,26.231155687775246,47.09800235973526,3.144648805890525,2.0550065909635626,693.9241524744237,LOW
430.2866517353291,22.694787853298994,53.231896385690135,48.57720512660232,431.6735216513654,44.226821586495426,54.36338794650357,5.316499849894568,0.584403485389133,641.4247521940441,MEDIUM
382.92792212291045,21.45082944373531,57.71974388595321,78.54920145102793,226.79546081569967,42.353804027124426,51.49524885528119,5.289250656629665,1.8929263994893448,642.6665271090679,MEDIUM
231.2110962691759,5.510121115363207,19.71768897083456,23.04432030757459,78.34567902321237,19.49280671231306,37.36075377818684,2.5451041568018304,2.234718898766468,551.5958237367657,LOW
189.93101205666738,6.222257299514784,19.853071483821815,74.1366446963342,90.46804107934422,25.301495698692154,48.67569783474467,2.1719446380323433,1.694098039876171,717.2232978167491,LOW
239.96357658088857,9.86002053322327,29.381130788868447,67.89465861736724,59.117617866212285,10.926521591983466,34.104059339213656,3.7281658716447263,2.150497341809231,693.4362314520811,LOW
367.05337675833266,25.261590193849834,53.95517461506294,74.26885454121107,378.1618265387695,49.0093390898356,58.120881404611794,5.238641902377711,2.3501346349353764,180.08192211651055,MEDIUM
447.64459279495367,26.56917420305114,51.762207298407496,27.338875517597167,368.7533131644915,96.46782791780998,58.42632691384611,4.134981104733764,0.38941146886862993,614.06255101952,MEDIUM
509.7831714329611,35.02254498322902,88.29883123564971,50.43584901595121,521.5450387813166,212.59212009263038,65.66621155487988,7.483107591618967,1.243333789636649,541.7715389884369,HIGH
522.717269572616,38.781121451711485,87.17723184675494,68.88824616016834,596.4796931314584,152.812641558711,76.03434392068147,8.817728616393202,0.06236176183408255,80.67091016208397,HIGH
404.4913466183462,19.26374569047431,63.70622158480721,50.94944028588925,342.7423739267194,78.654288329565,60.579638319150305,5.64608733675289,1.909751458778179,90.14004572083867,MEDIUM
302.57015992286296,8.067347598724702,29.029103883476914,23.747864994438558,179.17243941573216,22.149887526653234,40.44307433975253,1.5882570694469353,0.2745715159244007,184.00089979026964,LOW
458.8991023002605,39.841215389837444,79.03596554803256,69.0731733899504,596.8969652187805,270.3466695956274,69.21517830466277,8.863361625341078,1.1503079446236582,671.2474928165219,HIGH
627.9551497488037,41.19201422257689,73.6597376510311,48.354580423374685,622.4283000320368,208.42402279606767,72.95977319684143,8.21459420374002,0.5849966885619455,477.25843377737976,HIGH
585.9379499530634,33.01065580205132,84.36352931186572,67.64738332229064,552.2957072904557,120.40270993681841,69.74990861922858,8.295557136994063,0.5118377751355172,145.74818371661567,HIGH
414.2691221538112,27.43139725801016,63.41819603919103,80.68122232112205,367.1820426446902,63.665740632934025,52.45311143526234,5.486532266759559,0.2114022333635167,659.2471281927445,MEDIUM
422.77392049294076,24.292757749754838,50.36132040160105,83.46130775775622,348.8500021526347,117.93528627917829,61.62090219406912,5.690449157761222,0.1815152449961316,439.1090437889446,MEDIUM
386.37749892024505,21.635282638234905,66.96418409534205,47.92490622343909,324.05932704053384,85.79427049606488,63.23222541492737,4.7007155778747185,1.392484866733955,413.5403713311433,MEDIUM
627.2353657549643,34.88456000807029,81.69945412142556,40.61422808294425,693.993224742698,142.65341493686668,78.05726586370754,8.318420306518185,1.7970296542305089,587.8423546606775,HIGH
331.7269184389429,8.066994608631576,23.229681581726975,24.88891570653146,101.70278525737204,35.50297876789674,43.00424504670748,3.4543823447210773,1.4148917363259634,511.99808112708575,LOW
788.7266186496944,68.8400583271028,115.69105953114222,35.99911423335233,717.1864646098333,408.6914232205809,80.98654827768948,14.383284607969594,2.4042333192746534,60.15332425569333,CRITICAL
261.2258623777709,5.879677233949115,33.492353459035556,78.85111548402409,84.31070127771487,9.149687273307386,33.95604280980706,1.506732893865212,1.8316233391306826,113.17904552739863,LOW
878.28727062873,62.42549849810226,114.41050431172829,38.981489597719474,869.3486510301472,472.6310270275538,91.34963236847938,10.277229102588686,1.4457736320189596,111.33664586408761,CRITICAL
223.07427576740167,11.914450985860269,47.28725682730297,37.199992853073425,135.24642895816976,22.577555891070542,49.40881942854625,3.75103121443384,0.9097896437773599,272.15261570107015,LOW
214.7039230317901,14.005014513270213,37.40521994275649,50.53115627044413,195.9466161625721,12.53414811312702,44.341412021843624,1.2438486347189741,1.3580348516570127,704.6163465776975,LOW
673.7833842896335,59.303694198705266,106.4839248393345,73.51245900885979,970.2008136218237,452.2255196115668,87.66778205059481,13.632670501718415,1.1773413954606007,277.1806540650698,CRITICAL
997.9423959505722,51.70952710481764,103.4847058600302,35.35962814636864,940.2722606798109,523.4232393114872,85.7845203630426,9.523534159417997,1.4592220653663357,97.19250156353714,CRITICAL
377.0654601914387,18.990656603085302,57.196484212780916,53.9425995621156,372.1772098891888,65.47624411338877,52.99342322758166,3.9930952111017404,0.37752908211454683,710.3005662490287,MEDIUM
926.0960887423396,68.0943073691097,101.09801796186338,72.04491911610049,702.2988286374118,487.88821531316637,87.83618525843995,14.439511137149644,0.6555421372704014,481.41154580476723,CRITICAL
260.1300895627161,10.265071974698973,35.04555040302719,59.075037601561064,151.24659469732995,7.494295369393857,47.94127245166034,1.6903902074885724,0.9683895723489603,140.078463943191,LOW
216.28376959483637,6.40385748576254,45.46300285051585,48.131952323269694,88.25832374317548,20.93602069435758,46.807711227873085,3.0164741402530764,2.085429393429945,318.40382315120297,LOW
342.6278909203278,9.107859315126843,30.456907111682156,80.04012108214557,167.26772159949866,36.92405333249714,44.40330714232856,1.3451385790907369,2.3279118819488844,393.9203547817416,LOW
420.8107061240829,20.511525677905535,54.28287803050276,56.49410990297907,233.65822318938817,115.83372176209392,59.654623685779455,5.778967294379718,1.2415434170931192,634.3875578098881,MEDIUM
396.8890244231378,22.622296082772042,54.115830838627964,36.61537939832466,340.27926950992764,118.78085926655261,50.27862757858428,5.5835849089877625,0.16296189820036858,693.2606300049348,MEDIUM
698.3030875332562,46.513519614939746,94.11593533164937,62.776339815235765,1000.57142407669,524.8938004852404,96.37827444561458,12.44536861844891,1.9851329066596783,479.13253089553655,CRITICAL
580.2566869293735,30.576926963355902,87.19042497348626,53.907745081325665,487.4339957214743,248.87906776566592,67.68336948795734,8.098692092684091,1.1030543416862755,246.40978983878907,HIGH
988.5376775736258,67.31406672695046,124.74937594972505,34.9990264529831,988.1522241324499,472.2460061984891,89.34759374066006,12.73817375112959,0.05516511978373653,187.46699568171562,CRITICAL
797.5721835182246,48.751292037345046,108.32419606393887,73.73225942525588,915.4027693916192,570.5289263077643,97.13709354596757,11.931410628377781,0.22730720316910463,190.51796163567892,CRITICAL
475.4408595673518,32.59274661507866,85.2951772208764,80.0093848685784,586.9532741929174,155.40878977247277,65.0514584109058,6.939219625091289,1.1026549925893396,470.3257624821315,HIGH
514.7719720148118,33.10974518826973,89.77834661446894,56.17225221543649,533.3969202485046,199.74478613940084,77.98417066972549,8.272125450168264,0.1770772505749133,270.53322957065944,HIGH
343.0087698042562,14.011192374294225,47.9974151631294,35.70419690887936,138.08231745558214,38.94957077118998,40.149962555751195,3.8799065365886167,1.2979897966059757,201.67433588273565,LOW
204.0198383076233,12.897403795764166,31.767148305138697,65.1395704825036,181.41775893212557,10.516535924375077,46.56776674499106,3.5760428667628887,1.679086689251351,244.45274566559584,LOW
909.0523780662973,52.403022678761005,113.59851547240184,53.18653308024052,727.2831876218601,475.68954602003987,98.76840784949056,9.316175967515598,0.15812875368562496,658.0378912294625,CRITICAL
250.2170389761352,9.717085806520156,28.5011523455733,82.36836490880442,78.92630614443789,28.481183329994614,45.80634596909669,2.2456567922450192,2.129833639559834,142.16166871160192,LOW
301.9185120395857,12.623630493688431,40.96826202663635,28.06206429021925,171.91145382226503,7.957977723763338,43.85723323594338,1.1939274216097566,0.5152827861037476,483.7190732726804,LOW
224.53733528476374,7.20319426105595,37.824739405882426,82.20045775206509,181.82091828332793,30.481151484389436,39.3407540524885,3.6208256224480677,1.8191799488389109,440.8253719887602,LOW
375.3890961394847,24.025323717747817,64.28453905297431,49.077246459192956,290.23151920266054,44.8935159235657,63.43283775200778,4.725154142871262,2.0825074591671906,450.1205997873656,MEDIUM
420.5817886255263,19.95680937611556,57.39631430118168,63.294805459422776,328.21966064740747,96.65344109746269,56.20797944331564,4.294399815105057,0.10126956054628058,136.6027095153027,MEDIUM
278.13621897703877,17.934366385881052,24.271222388949113,24.193578940427553,78.77047035542213,36.41617541585566,30.7413478000227,3.1974081565453716,0.44831025338140496,615.987653574221,LOW
630.6595616373332,41.92310030885045,79.56306953887993,71.2022817507909,631.1594668171044,290.5923729761872,66.03662534511442,7.21225440201644,0.691577565767725,162.55640167188122,HIGH
474.0278502628371,37.94547688858044,80.45259693464996,29.36854509736431,456.1521636962405,120.77431543475393,78.07527377344863,6.52918358121818,0.5489976046829855,285.21363884906117,HIGH
399.8362892997253,21.477833617809463,61.498426439931535,21.216663189006436,308.034579353558,98.48512541915878,53.49141682893349,4.814617940000224,1.6175279721627818,383.9224624216857,MEDIUM
830.3347145579528,64.14169836366045,93.39841715084222,71.9193061384779,768.9079370791197,426.10788115473184,91.33482333731266,14.880907248973084,0.8108169826718731,246.45565704735415,CRITICAL
479.8271027626424,37.652068507121484,84.97477378242655,46.13994544015368,575.6368488702271,277.35919416313914,68.77263851762767,8.590831211700989,0.5996570614361834,209.45086396557642,HIGH
685.8226776983033,44.11066552912217,99.14386491990903,25.547272765622246,917.5786677137144,331.43414431414095,84.67796804196354,13.700475048103772,0.20913159428854483,521.0855626695766,CRITICAL
182.58759807844564,15.977114002003164,17.017729066970386,59.07172654591374,74.50351022201411,30.832553808270916,31.67452064412538,1.6727590092384736,0.3439944017152076,512.322381744934,LOW
970.2018463967372,69.27477066877832,101.10533847457584,79.16257491760815,936.8335283508902,374.7412460008141,94.12483471191298,14.727640055091305,0.3091097519760448,70.62743080613535,CRITICAL
921.5744483632366,58.287120780378714,125.70267376171691,67.64658032465375,729.6582616275679,596.5307468733479,89.81688328801363,10.978006399826452,2.336196836626228,518.7531702749894,CRITICAL
830.6537945974155,53.003320680864235,94.16341228643941,56.41311854310256,707.3101087673032,485.4376509285334,98.57119658686979,12.693829445205264,1.8676025145538255,539.1339568081831,CRITICAL
676.3868336721825,51.31730474449208,118.7062294961568,26.941261951378394,1010.8201011244705,386.6081246208022,97.32384854623248,11.755223587241794,0.7724053971107204,466.0997552383813,CRITICAL
619.6304034447369,31.351067755402983,75.80234523093424,21.1068225392214,526.650235157769,295.76835598999185,75.88939032040625,7.44689946378416,1.9948052566219578,466.0357939452594,HIGH
374.72865207909695,25.06430942691196,64.17333648743883,65.64351994927739,322.6136028373487,117.24924479734997,56.011559500597485,6.0726370892400094,0.8616363753682199,706.2511130409721,MEDIUM
378.9360401499423,22.816036123552486,67.81916611136333,74.49502011733225,340.7702031494191,79.97452898924845,54.44531581861312,5.74916390618698,1.701808426642024,137.2441810906997,MEDIUM
377.51452496004845,18.061012204580784,62.41029863347436,82.77537804217786,272.5059855744798,42.55209208954924,59.09172248203941,4.5189509334119125,0.1311558796297077,526.4550631113433,MEDIUM
363.96046324999554,24.40313115725063,58.19604495376025,24.135113998243646,306.4529543847094,48.98065742362974,64.99537239465675,5.247551805235664,0.7178484621167547,427.0263208071713,MEDIUM
842.7122755872244,69.92080603986938,100.74395383924217,39.184841678421755,1021.0248032556433,418.29011426801867,97.73330315442455,9.863374357581243,0.5439138775470143,658.8658579850753,CRITICAL
479.61778542196083,35.030855717191656,70.73378992766428,33.66525245402272,487.3088521082055,189.8645255776289,76.88370482475051,6.637629852163326,2.3138273251884787,85.01499888980003,HIGH
362.1894821180674,25.666377860986824,50.11546519109182,50.76312806781162,329.8852006461077,46.13927298855093,58.77423129722165,5.387968439126125,1.2028502467073703,666.4352705324446,MEDIUM
794.2777481595044,57.975959656698905,108.69765483750287,29.28342462927646,809.7690100158628,596.1452992309021,95.15882074779707,10.924915936097795,0.2638062576331944,607.2220149423234,CRITICAL
426.940512111086,22.38915668992979,54.10101741570128,62.36093691174789,253.4732517035959,89.02440796759271,59.08272378442811,5.706760878225454,2.312724418632898,322.17571757723164,MEDIUM
566.3753831550392,35.09198765645069,89.82137896346066,42.59181777581693,488.47232320652836,143.36317258824855,75.72693831713957,8.678244972097884,1.8125876516502153,501.6188887496629,HIGH
248.12230009627862,14.573118999224405,49.360229000682665,26.021584204223167,96.4047890245635,21.11409259817514,47.625638783068034,1.1139282969782394,0.4009196479889934,538.9491410817698,LOW
638.6397443778998,40.83209681347093,69.35279694525842,59.2755599029318,598.6550740982419,176.0933214952783,67.57371565054859,7.122295280260478,1.4271939874294797,487.66721736304044,HIGH
612.8824579940308,34.786135585293046,80.02661140124691,33.131553730163105,684.585884527749,153.15403068746895,75.90029031779451,9.204970500176735,1.5458172760494637,487.61105327194315,HIGH
304.60138464195694,5.604964088140305,29.951059280673253,32.17786864238787,51.29301187469945,9.977957526877265,42.030536390185915,1.8231783006335407,0.6301116867711168,567.0017457258202,LOW
976.1937013220593,53.89904048846756,92.28420594065878,25.80970734788983,955.5110692095745,357.7204444936506,96.12442447449703,10.379592962747456,0.30753079036555203,213.02988921644112,CRITICAL
542.3857970630775,36.4555420689241,70.02973614584612,36.34815604952692,691.8456965239172,228.16820925019167,73.38031959827305,7.730767886103247,1.4747100700916762,666.3551634754498,HIGH
677.5274743740154,43.05144766327364,123.25443507012486,72.39005151957033,714.2304944622394,535.0384000777515,94.17310884456565,13.118772948637499,1.1479234470105693,200.85914315313636,CRITICAL
260.88965220775634,6.460137357455589,24.806480127890033,79.29919207592205,131.94754456218556,16.672838159312022,48.8317181130626,1.576855944083182,1.9219484254377721,43.10139851052293,LOW
553.4707247810941,38.02983257920112,74.78863546690434,49.713461237399045,491.4271809101955,266.4796576119835,66.12273438238243,8.830454262217756,1.2839530877897678,200.43627542868498,HIGH
933.1431600350033,53.097672398284345,103.16511548139238,39.37397817705195,753.9210219447341,421.95756181531067,83.5809357657144,10.472599014033975,0.6033925595588743,267.96119599411884,CRITICAL
587.0391286811666,28.207838366194732,69.69447745751707,81.04041480314393,507.8260170380722,122.68118956984355,78.18663235822537,8.512285992903198,0.8790929749797806,185.8375584074169,HIGH
641.0994870431151,34.75657172776933,73.20482698209922,59.90300657080603,530.3114946169737,172.28382322502662,66.06769229423728,8.70280811000514,0.3120193633006492,145.7350371823415,HIGH
454.1911924398162,31.141015987015173,89.17198828234456,77.24784827447544,684.9887579142002,184.2547343256077,67.26413951307907,6.60725908028963,0.9084103176191827,130.60088779616893,HIGH
574.9682929184987,39.26818473091982,79.1195971573277,51.77904858686665,574.1536895602545,220.92277468997412,79.91475691094456,9.153509611798915,0.6407711338261959,29.082577453844696,HIGH
803.4837982533458,52.6246450620723,99.86439497995883,56.932073036679874,872.3429716487577,429.1347333123355,89.53264141932104,13.51176237591778,0.87334996657768,714.7979926796963,CRITICAL
189.99727680786177,5.397268922738586,46.19838215326971,76.10421487291143,99.83393522750987,35.600887738573576,42.10384499068369,2.2229196982991413,1.1583273435181025,616.4911738300997,LOW
261.5907507492625,11.18334241310453,18.711191151228505,20.844750225205416,124.03486776232272,38.49297543792576,48.31594280919998,1.219855552322542,0.7508617690744258,27.56662728600955,LOW
608.4493326649022,39.19299255978204,71.58381885739814,69.48776333680101,613.3511871732059,152.69846804746595,79.26086119350853,7.959822658478814,0.6629274370563165,5.9129407759670105,HIGH
313.95784137673354,16.408884046079603,41.64476543710805,70.217022280989,68.04764258233364,27.322898443677044,45.16449745218404,3.7714255993316685,1.066386554509225,104.64592802882876,LOW
313.39352340910307,7.595333075073029,16.372694707428153,21.787330393642335,81.0658375212216,25.642510859163995,37.675336215560456,2.9803369678486717,1.1075377648362568,249.33251933431907,LOW
789.9462153779052,43.932274347940435,106.8963701285773,33.00510850502975,977.4086946048469,348.0707853311018,90.32341749674391,13.035285408960856,1.3828532859080838,466.82114991234357,CRITICAL
613.1219184450279,28.27912213303036,89.70306340627445,69.98754259616962,544.2445614101493,131.8912306641181,72.16017625768062,9.174476147437426,0.877019647546096,657.1396466120684,HIGH
396.08841091447556,26.391747287281994,65.84371737364981,68.57748578532143,364.2677229791086,106.8031325477939,55.25854290811266,6.067233868051394,1.8507316377005654,598.4459683286524,MEDIUM
444.84139043314195,19.891119422102165,58.316696345256915,46.82718217910676,347.5584124528432,70.92991559837529,60.88840133312976,4.25315050199863,0.713079371829403,95.5570276959941,MEDIUM
501.4315841409142,28.43488199203505,85.34986379686447,58.366805294337524,511.18511142046214,183.52445627112888,73.44066418663175,6.917294078216037,1.8791527946183813,669.9433767089046,HIGH
402.8847049040362,18.181728342605265,50.61388905126382,31.237976995928918,409.52174940455666,115.19863028923504,57.62231141684686,4.516189080393605,1.7943359962734848,448.3634187400893,MEDIUM
717.9800044240367,51.275235936006794,121.70690697868119,39.826477049476594,940.9517645595362,333.1332275891216,94.4528269404669,13.150135559853242,1.8994034304602145,641.2085574468738,CRITICAL
619.344776354787,38.399584270314406,85.49989895428199,25.355042846040266,455.5812232487674,172.8703855715168,66.69676506082335,6.574890083017659,1.006810286586183,219.58324247853932,HIGH
293.26135801103317,13.376018636733159,41.83204869319354,30.331832371473283,187.69063763120087,12.908002739898027,42.585257552609306,3.448932845416386,1.7359667572695718,482.27918343814855,LOW
925.9922033913926,59.934158421359875,136.20149430425766,63.21976136617134,807.8724468284285,487.8578047378017,87.14162764877469,12.393836058913468,1.181135166432736,289.3381007264073,CRITICAL
899.1686982117069,48.19171320406997,130.4945536256193,51.22185663806752,881.1245422701726,389.6185546108701,99.98221618109659,12.153260506739777,2.268302717932104,170.02648464567685,CRITICAL
243.62084579447966,7.282631322974288,46.73348872086422,31.636108598561425,101.62065143136277,21.251013488434907,35.57787634626116,3.021002612927773,1.9637858822625762,41.38500783574723,LOW
277.08316483292924,17.137301231292668,40.53109102972405,47.619704029749066,68.12222152782053,39.764527030723436,41.57777187376466,1.899742027256334,0.9703078445475766,500.4909747749002,LOW
397.587892564266,25.88808062023645,62.78311396368876,71.26020151531134,239.0795013853293,70.46648997285054,56.69169177616812,5.15532980501596,0.5979817932943462,240.39187426509037,MEDIUM
268.3985744042889,12.341986943549998,31.23704017768796,56.007568324440264,147.72365532683526,26.139442390433427,37.599088260521995,1.5321492392580884,1.6956113064987286,611.3726604606031,LOW
661.6485504407577,42.76148671430261,128.38093893761527,72.50591590249307,1014.1166125636292,547.7078232913241,92.94746076125428,15.107628989333113,1.508097353133371,676.2610316113881,CRITICAL
916.4910035274982,46.28068980330477,98.58619758172892,50.5918831929592,745.7871250155243,390.00307357067663,83.21841266098265,10.256574198549217,2.4846804004383536,457.2909157604708,CRITICAL
271.9640845476623,12.752463232867225,28.871921761354784,68.1586500600512,178.97495680440892,34.8706996955971,48.36992828897743,3.8778890856893384,1.2831362351883249,604.8707574192599,LOW
283.78918822288404,8.779558869937116,27.898985977227483,32.0865409770077,82.95992104753634,11.546212609309146,35.455650743565975,1.9977747356504674,0.05501838808439447,699.5164502175028,LOW
437.1128002509839,25.908724075109603,50.3581731083693,33.286344833058564,432.28440340203986,89.84796224213962,59.720161786304395,5.139242879272434,0.6786581011579648,269.76671627667326,MEDIUM
603.6705101347244,31.182551221846154,70.52243220028974,78.18775363333054,549.4422342620998,246.39216538424526,78.10205473930235,7.412411927516341,1.4174807706017005,91.40888599891915,HIGH
629.669216900163,31.06134027462096,74.12700042256066,65.54021304123398,561.8351444736381,222.44491450115856,66.15974343460975,9.053748972444126,2.1309883313580533,657.2582148111735,HIGH
752.7948670641567,63.51961881840246,138.86983215219664,62.42262276029366,892.0636766867499,401.7850526605803,81.40410624018773,12.628056077953469,0.7254912778041319,261.7817427983368,CRITICAL
788.2181271685863,47.64820679299222,130.85822532398657,57.87593937543046,932.6322095450275,599.2994634190787,91.00708426405318,13.338351524768292,1.9354177123121148,316.67934437950856,CRITICAL
297.5958212255848,8.765643203907258,40.17172884702845,70.31939787153712,132.22692900010549,29.608001093296632,47.15315810292121,3.413220916819243,0.4345489935635961,545.193311644626,LOW
403.20906797949175,22.972613090001598,54.77260571432436,47.745484820340465,205.35161996555428,78.83603246094172,54.98143355207228,4.401120345369633,1.7898891623918698,414.9764339212164,MEDIUM
412.71629222245895,18.069534020076294,58.443652329259336,34.61387466779192,260.78947312464095,59.75008072450618,60.56348530486497,5.451833767680677,1.2549338058036539,496.80016149174276,MEDIUM
985.7209474546671,51.490208972150874,91.03062285476808,44.858312339498504,720.1792425565759,387.62135222322047,99.00552056261888,13.622561223906468,2.300284576953451,425.5990098732825,CRITICAL
688.2549547573087,59.879749005569224,107.12681859774887,34.45593346501452,826.8703843045283,556.724442283249,86.93788795230437,12.315347833353426,0.49002025838781205,201.18048413806937,CRITICAL
509.9803819583899,33.317291829377005,83.39914461250854,38.00998914273924,518.5782557336534,289.54116175344996,71.4995151309131,8.155079570513337,1.302716011193685,598.8325674634142,HIGH
700.0041160525211,54.200031734694335,90.83468736427186,37.361982020942136,796.1049893055017,354.663978566195,93.46059233817792,13.344429897354797,1.4428490451986096,178.51912816806765,CRITICAL
382.2891516730365,18.562389748909606,64.24444129351866,80.88388497208089,380.0423530766122,88.59083990489914,64.21396585505649,4.135843794134899,0.6719665300974337,467.1821929096393,MEDIUM
898.2267315273498,66.41114908023118,99.3261279929448,36.907431454900006,801.7609880480195,491.4991632645372,90.18561886410184,9.431479832746511,0.9337020938893319,613.1607414806324,CRITICAL
435.10057937875683,25.898968110582803,53.98802737310636,58.649700178709566,445.1460473721894,67.83303526736354,52.21348186754272,4.381964806219693,2.3822938686767627,409.388058453661,MEDIUM
556.6101095124073,29.190183637473528,70.1134914066135,68.87871299038767,646.1064770159821,223.24014154734365,67.4920756608217,8.63128349094301,2.259062462930615,0.8027195606942072,HIGH
366.6019011191334,18.936694828014463,54.86670285145649,26.308603136239782,433.7376281334266,89.20044645759594,62.73157820869449,4.875732458185112,1.9648478825846833,473.94260560269737,MEDIUM
216.25643213749095,11.35396339989047,26.868014179154383,42.35130725144451,157.53905012903195,5.606610359792039,37.02582925010108,1.2218259426878437,0.0606887307893718,435.7990266245605,LOW
785.0668100039387,42.788504909759396,107.12961605375067,84.13116472634162,957.8462142496167,564.5351431128394,99.58470734279831,13.342701757221228,2.360179380913112,472.63721567547316,CRITICAL
398.72065721334764,21.47078167230315,53.1367209368092,20.111284011885452,298.00061774640386,93.002914696283,60.146325349783865,5.4585034737148685,0.08295350101743897,718.807719546751,MEDIUM
591.284143278928,36.948401020527804,84.5023880578216,48.8720888776257,457.5838100238555,191.1496700571883,69.26967853814708,6.370935869392722,1.6311466523717713,374.00520115630866,HIGH
404.2093695282738,27.001684864671745,67.02843875437146,80.96741405576012,394.21792092189514,103.94178238453391,61.74650537475,4.030592111755934,0.6967459219763635,623.6569282804899,MEDIUM
939.4437717209696,59.65405532970214,99.29843576726749,28.341193093557827,874.3492849837387,404.915957164875,93.52441975875855,11.800811530060997,2.4948704687619587,499.0376418005826,CRITICAL
682.7764215150777,45.50824910095011,101.51828942570069,42.81210054149142,1006.2643666394606,476.4466912037608,93.32456367341146,14.481726318467867,0.47308992074227957,193.11859167593576,CRITICAL
654.1214094133998,45.35425527850838,121.72338857724934,31.95672404745093,752.6437345685056,594.7631952689067,92.91558041175995,14.906423015967539,2.4923362874543535,263.6246740755064,CRITICAL
443.7922081204335,22.84047764353024,55.86182862662733,27.543118664762066,428.8536465017613,63.82622737890735,56.67859628655219,4.719252066844104,0.14374951857390822,235.94116658255405,MEDIUM
432.48486134427424,21.13539448928305,51.16968530275441,22.048708250043507,341.0783240087431,114.56790341500047,64.00743879177205,5.192151088554753,1.4917653830925786,242.71664701161683,MEDIUM
303.6958964237518,13.08754499397611,22.077803599831007,27.58327548341426,91.74871776075618,30.329823351449026,46.68786402465916,2.4586029419705087,1.8327691598372262,613.7300488400925,LOW
191.96458833325423,7.292272485519883,44.41885780871689,36.955220919524145,135.79391947404355,9.720457152318323,30.970300340412333,1.2118538044894545,0.8808892863619745,56.30249311113371,LOW
207.2045523951983,16.151871119934366,39.3331441936952,30.03473089798455,180.57140523192757,23.96688954635484,38.159432749860116,3.414459119359401,1.969478796897239,70.64802529524326,LOW
260.5140217206252,11.495288147724802,15.816159156444726,45.67418943603394,87.33384957341676,11.223084595149242,42.364889361631754,1.158196913969271,0.9171666045697656,297.5342630696361,LOW
212.59846200766896,14.59577627970003,35.075711316659806,40.85016003498772,105.27786294605897,11.876085703324275,49.91706005978656,1.746507240508267,0.9065731759667829,717.2809183023586,LOW
996.8154388766804,63.382145428418966,125.22963758486611,31.989554007929982,878.4210828892521,561.947434749758,82.25289477057729,11.228043903276385,1.100538470273366,81.28929490492416,CRITICAL
346.4728123394326,11.38437020232973,17.454491421095337,31.725710544367647,114.71824994848703,31.93099910331796,46.01447556391565,3.895993417324774,1.0165887567778444,230.56804372745233,LOW
195.74186662864213,5.151781955365702,47.84499908011538,36.07061187673209,61.912769015402844,37.04573523856982,42.492290382839016,1.9633429051277747,1.2717966031170183,506.00779708664703,LOW
400.17522220749964,21.346757229450056,61.25612432933432,77.78120925911799,410.68520006480503,98.0415803513584,53.75349418539921,4.934917047404221,1.188906852035441,126.88495271303181,MEDIUM
368.0543579816318,24.439046878210846,61.82707058646661,70.10736314519426,232.5240639362751,112.79920627682706,53.89431959572439,4.021493343609393,1.400447065174456,715.6359020520418,MEDIUM
704.9145415840089,55.00853953881878,116.99508406422652,66.57684949479783,940.0701752042859,543.575694699864,95.58507753771134,11.538236712272493,1.2818527425739346,114.4618033917969,CRITICAL
726.8047174075116,49.19697764038762,107.48873291990793,47.44274283109692,865.4794262721848,326.9499737634563,94.10566517327189,13.345893971679128,1.0664730193694916,226.09753455342695,CRITICAL
443.5354343947321,26.91700802990885,52.26006594539522,25.153336776926423,330.0923398324087,101.99778891953571,57.833062313954194,4.466488991427331,2.0402669312551867,389.0613382837922,MEDIUM
444.4316265011764,24.11308575898013,52.21071423484515,78.55736695442332,386.21994792384857,115.06797900799319,53.9589543526451,4.93419056940357,1.1572740907249939,76.79368973295679,MEDIUM
441.68611127551225,20.762455193777676,65.54273129797696,31.529141609281766,418.9296086279361,68.92889547310529,57.723573875790095,4.843844975664052,1.5528918103642744,406.8478892411906,MEDIUM
436.5501476822848,21.89694442976564,62.9888793717412,58.88671176175995,260.9682020743581,44.011515397667694,57.28546453483284,4.442496278828636,1.256407001930295,697.045238135362,MEDIUM
252.2999949854489,14.735270617492416,19.231938291552055,32.01996830499445,50.55132678226553,34.87878383158022,35.135055437688656,3.7326934666395077,1.2048316265096746,675.6671011850665,LOW
471.8644108373641,29.87127538129471,82.94217514724201,59.46357974794614,685.2874710543871,282.8521424681154,70.40770446689113,6.277796627421846,1.2349051078501296,86.06270627123608,HIGH
362.56546646907344,26.369869062688245,51.852625424657575,64.9091539346119,432.39978770695996,60.438440527941985,54.70387488248932,5.1675118471649855,1.5555615524693744,556.973412922324,MEDIUM
565.6361963987555,37.33788488341687,69.32838645908149,83.87604854863162,664.8942401689908,184.1236253703422,78.04789407934166,7.133712413352858,2.1465943264494936,387.9368823306466,HIGH
264.21640775237177,14.068101034790509,26.74012803985893,81.302103827227,195.80591604051645,12.289828117590774,45.29189317566239,3.3558872046363124,0.5802692113293311,160.31282205342808,LOW
694.9973953461346,67.35349313774776,108.30828013664431,25.90413725482466,979.3677779327033,368.6463318330956,88.76928195308093,13.08716375635472,0.1794649009026203,143.07776376401276,CRITICAL
410.3780461040236,27.432449542902905,67.40287976801946,29.34623336003642,250.53821507401665,85.35275847446869,55.580963779604986,4.527178164455659,1.0079667070645184,628.6481356150518,MEDIUM
417.14592730856884,18.232379517885384,67.42764727422862,50.793001113893354,327.2067001636489,51.316655549745214,58.54779205834197,4.963479802708003,2.0840614534737227,475.9929653475667,MEDIUM
338.16417140383055,12.602112793847366,17.076111366820435,32.15299284166596,180.75477364704554,10.346867787156752,42.06221855096316,3.4647010882623492,2.4423395347593226,616.231599472608,LOW
814.8412975820321,61.38546679437454,109.85192730969123,65.20287882836222,967.2990883605805,413.4347488284014,86.1031985123565,11.717109597219675,0.41161124101055796,79.88675552322367,CRITICAL
611.9152448992335,35.36873679995208,88.20118324156769,24.757048474355344,619.9045286242435,273.39350400296837,76.37593802489562,7.165774550515319,0.3193496716780905,290.68604528598587,HIGH
626.2514916181224,32.59983076826665,88.49062399122258,58.19271879747338,665.1963841260069,234.19937475940054,65.10874163339383,6.785586210308157,0.32563041969844403,138.95214014048088,HIGH
633.7490595089673,35.39835395670364,71.16967973049832,40.15382652387001,485.8122658477373,255.2626230869654,73.0272329100755,8.220638288997975,1.9694911176519088,586.8954449846326,HIGH
252.26780669002875,8.62057555679043,20.152411770305736,34.291084872924,128.00379799552388,32.31595351429186,38.32110249831562,2.9831959105385755,1.1886362876447254,385.0723169595215,LOW
284.068556697113,17.802725786316714,41.41746293916752,71.89725085402887,98.31358473144525,29.6405606880883,36.70062491727738,2.5247867414138483,2.0650736228765925,423.1991572450518,LOW
543.8690450565246,34.76148579531015,81.74104204324443,23.547314940903,611.7010704186279,245.77482079883663,73.8465689986045,8.266574450646491,0.45863835489585225,578.3565079677619,HIGH
536.4554158566017,37.06392939779501,79.43503040081845,28.860018738827236,497.93793744523487,121.72639502851675,71.99677063730188,7.170113710249526,1.9355349681185763,266.640478029228,HIGH
556.294014847059,34.00667387447449,70.80882311819809,44.20242439711761,618.686280263534,224.8490663280539,73.63370837293144,7.646532022298545,1.9767200652786414,502.8651465028566,HIGH
291.9513665854483,15.335383854552134,18.036035989417783,54.60555902787763,75.48904854119192,22.382728987433115,49.773427499502574,3.676174344835844,1.2062353279365896,456.7293563590366,LOW
347.56236421473216,7.3751433569322575,33.92421826865986,76.19467722529245,55.92823282662483,34.05719437843172,49.137713976914455,1.1533531167364222,2.1357202835617755,348.20329732562726,LOW
371.6057619437053,20.486195654803428,50.47249682190555,37.416652566112056,257.79516118307663,99.81168407322407,50.45678297079995,4.87004511874389,0.8843741942305566,152.56588372837933,MEDIUM
406.66150039378954,21.03302578519251,54.031213567709614,58.99574489341146,206.474021978586,68.19964445329089,61.15388944548079,4.3441229520057485,1.6053482143917601,715.3398075038527,MEDIUM
862.3834250004211,58.88928983961206,125.72668335110745,50.819813899320025,701.056470192096,387.6757140725893,97.36472162769374,14.886451019328657,0.5752936181792874,187.69384947281733,CRITICAL
903.6845450710616,57.284107011059056,92.7453098830714,31.17354250251936,905.3564637211286,441.79780244402235,89.42348799545617,13.96309846504612,2.251105101896987,160.0328742680252,CRITICAL
643.3519528904252,34.20111143389328,85.3796596612695,30.85028597770062,467.4112445856336,157.37915402025655,76.35541112563098,6.677654750639655,1.6700757793617982,442.719852587899,HIGH
576.560677251701,36.231043780146216,84.47638552841005,83.96234520626876,470.4929663332507,123.58293846864284,68.47526068402453,9.03421972880448,0.49176112363400654,130.1633115610004,HIGH
440.0328552187518,18.941465450244287,65.05415261592489,65.37634053679201,348.4472719383733,48.44518014504706,62.82278696076484,5.735954946878134,1.3789177948797962,95.68230935226202,MEDIUM
400.90074950697533,27.43503412973117,54.478521402645754,23.662874073166854,238.97825082635518,109.6741605841191,61.44862143454381,5.963363307140502,0.20065263858515536,3.50243317071242,MEDIUM
990.7189280713526,58.76370883782395,109.74613048776091,23.05574097690608,710.1748347843474,430.93973063659405,81.13021602257295,13.612402461304328,1.8817968636512201,151.677392181472,CRITICAL
716.5404115675425,65.63052219018161,128.50436530788386,52.908335742681594,855.3925590087147,587.8112708965391,84.63163272685327,12.165672549885109,2.2002394623245576,11.256294531719213,CRITICAL
634.5600866906525,33.791775887154074,78.66760198637536,76.71422267395454,544.7253512487391,139.0961918142406,74.42699897902007,9.206623982420773,0.9666495305449806,154.48582409433197,HIGH
260.67397913659863,9.597060539284517,35.175442930085524,29.48329637052359,181.53630649583215,13.106236854319297,33.9200010168015,2.6361417112799903,0.5550041650411635,431.5877275302273,LOW
629.4344267787951,34.969177629173835,72.00550691754451,42.2224014388065,523.2252675336686,192.27346123431772,70.05095122473452,7.207095905858097,2.4500876288061884,371.20332801608293,HIGH
401.84512911935906,22.95924927919851,53.86169986338536,42.20805470307793,421.4628700105352,54.895118709358144,53.67088522143763,4.31039103016882,1.4863277877848429,237.9366525860648,MEDIUM
