temperature_c,humidity_pct,heat_index_c,temp_rate_change,ambient_temp_c,delta_temp_c,cycles_since_maint,label,risk_level
46.80726872145046,54.22273714437422,44.016217792169016,0.09652125331742513,24.10491516302895,7.429764585686367,162,0,LOW
46.12897725582852,37.297325396423965,29.936496612969904,0.11386541244917882,23.80306373118822,5.329393455387068,157,0,LOW
95.25906313472927,82.3370881925605,92.67171998013991,2.623708187093061,38.71857167197221,69.69573380096642,1685,2,CRITICAL
23.811413983123288,49.0563714689994,47.096362918584454,0.18390443627069195,22.463973957408093,10.012701278240804,302,0,LOW
38.6408484659475,44.68960875003813,41.65038835096348,0.18947347887089122,27.45069277292327,12.09862269811031,92,0,LOW
23.811692593044,24.572722515636556,55.17011366058528,0.14547070545221613,28.386531858387873,4.493484405767138,248,0,LOW
44.48503860904435,59.690869869789516,43.86524863256559,0.08520216120594672,28.880246324892504,9.250922699925141,344,0,LOW
104.74134171104147,75.0,118.06084172480794,3.3111025892731285,31.934768381663655,72.6310730760283,1176,2,CRITICAL
42.54029372344497,50.08058247800105,31.63966029371286,0.16402619740137736,27.760926598518733,13.472968621827315,448,0,LOW
29.30847382590091,59.334769986666856,49.959550873981854,0.15128616789155644,21.344382569536883,4.552898348484507,259,0,LOW
42.2658660769024,56.35018670352616,22.163429395005203,0.13349925874679688,27.324409014421192,9.160359735229369,167,0,LOW
41.65947342129687,38.570971965908704,40.35074573046953,0.0911549939096363,30.394591355904556,5.633540773558426,72,0,LOW
42.68777302623592,45.6925013081621,44.67332948161871,0.07506116867918355,24.402811998900912,15.161863957093942,72,0,LOW
27.949443661511722,49.25476313507828,44.303618136449884,0.14322255810366435,24.860882810964537,5.759603297353206,475,0,LOW
28.132583436217505,57.55994114127569,40.96244611242065,0.04315799712727674,21.68922009358994,6.025940034305616,276,0,LOW
47.23845258258508,45.815030722267394,36.08276618579875,0.0948453310882583,27.93740715987355,10.175794254510242,297,0,LOW
34.120805331881904,62.1254272552485,44.659073435979394,0.04990284659854444,23.983596275168416,14.70635329805167,484,0,LOW
37.36380180448286,62.04859972791347,37.132046428649076,0.0871979736348021,31.197974453463985,5.176728294333386,450,0,LOW
36.79635439795655,34.276223416155034,30.811585167154007,0.09694416225690841,26.3199691373174,10.940514426146565,340,0,LOW
35.31507609169852,65.24067698171768,39.82240474825782,0.19627681748404735,18.80016106857559,14.356972255888621,161,0,LOW
39.668497722598275,59.22776501103175,29.976129994830515,0.1314611245796876,22.758783477092123,9.224824396331853,162,0,LOW
28.580963859342173,59.68460467378912,33.91663896181347,0.0627077818817337,30.48027161724525,11.773195632263503,370,0,LOW
42.11120758134606,28.111351927471503,41.64258954357207,0.162024385088769,21.340358370178894,5.718788387435313,253,0,LOW
36.680009168874754,51.7314238172986,37.7148040738955,0.05373932374689795,27.968819203380423,5.926155170719233,127,0,LOW
28.739447216423365,20.0,58.0,0.08477012691572355,24.533811244029895,7.861687000890554,255,0,LOW
43.211791520498934,33.03802362933495,38.269419607211844,0.11607023608112035,19.19333954696103,12.962504052288987,204,0,LOW
39.19455630215191,55.78912702578036,38.25060787120352,0.037343432543622476,28.305310887289497,6.769878768057496,427,0,LOW
32.858527837456,56.817086568361844,37.663243821764695,0.2119794350126757,20.679634373514872,11.993821682416241,303,0,LOW
42.58086354329965,33.86646247852839,42.35862664397676,0.08588280292552156,25.04997589499943,9.854311731285247,415,0,LOW
95.50977764836402,75.0,104.87789283200915,4.506577746527838,34.875783556354214,63.900886605957155,1723,2,CRITICAL
37.313740725134544,40.37155448729002,34.7346623419169,0.05101952775669648,21.09649766368137,11.55234792445218,426,0,LOW
47.36857834566435,39.747061504666526,42.58059675521177,0.07671134396644352,24.77425908484207,4.062701319196589,465,0,LOW
38.000233028725845,39.21281333776275,25.705908375167837,0.050553483092612296,28.637557972355363,11.773263018751674,374,0,LOW
26.584304456550644,48.41278497437672,37.232351610972685,0.04561048213017191,27.230067971471957,8.750203215240617,43,0,LOW
30.62732894292027,48.44976114993899,52.41006795549701,0.024023849760732005,30.561990216752577,5.528321874892358,95,0,LOW
44.94017792808209,52.12901540821773,37.32594236889581,0.05802011794883154,37.4985566415225,0.0,122,0,LOW
99.1410588424857,75.0,124.79858562713638,2.5,43.25098983183473,71.76046127746544,815,2,CRITICAL
72.19701302150509,75.67898903456509,71.2063239509989,1.3224522275642825,24.204443151026833,51.07055373709178,1051,1,HIGH
70.1928104035375,72.18665355442921,74.80234300074069,1.1710727854973133,26.803882596379744,42.886624850055085,759,1,HIGH
33.311391737200296,37.16727777539455,40.9950307769262,0.1789452344014737,19.779390006047148,7.550795001997892,352,0,LOW
23.77971537651068,51.130272312737375,46.606914477066475,0.004555847000534116,29.632792861065163,17.033931667620692,356,0,LOW
38.08337671916511,52.37726219953964,47.974857424930164,0.051017491493897026,17.44781124335482,9.662612399116306,64,0,LOW
21.736242987859185,35.02659983743513,35.10820608592483,0.08591716486267771,30.770670137025068,9.656395105793797,19,0,LOW
75.1843850869744,84.6486085499817,79.96873998990901,1.3071106725705195,29.51168479890806,37.15648051754982,561,1,HIGH
26.229639629366027,31.749594947212202,51.96662136348657,0.0840741960919003,29.0188701392026,8.848591499749705,225,0,LOW
62.0370469711371,73.643509365647,77.83684995145764,0.9803666833886204,29.194892703340496,38.337765998445306,798,1,HIGH
46.78167388489851,50.78885962187206,30.602957547069828,0.10424042503677157,27.492898393280147,9.254995414245649,465,0,LOW
22.383898798917112,55.9413304258582,38.096410122604325,0.18866596465729868,21.92890398294243,8.411116330180366,254,0,LOW
45.80024816261768,52.11634175582466,36.397968429946694,0.08941616287526877,22.16515317729528,9.579597462628046,31,0,LOW
85.85285380300509,86.17411389314915,123.42435170470404,3.7526729766897855,39.90064632143339,63.606475389323336,1672,2,CRITICAL
100.2060478324825,75.0,90.0,2.5,34.183545486156376,67.04816766188316,1355,2,CRITICAL
49.02970235973427,35.7803543827526,34.8914611710427,0.06201133803875152,26.596808009871136,7.865271167262081,206,0,LOW
22.394194843010666,43.42956455728945,45.60299429107192,0.1576081248881562,23.972289370774945,5.4210662514578,412,0,LOW
37.13749978761318,38.757805052232044,32.10536814671461,0.07292010691601629,24.348397716748103,1.0304467903996795,348,0,LOW
46.97791603206353,51.26866020701285,39.84211297851864,0.10586651017440289,22.895445583362367,7.381634604001511,17,0,LOW
36.505903733592575,34.642326746589774,35.35795529330179,0.057416956857738975,26.449938627907528,10.950236305776095,226,0,LOW
31.900695608854075,54.20350455735795,34.18557827808297,0.10562412704155903,27.718671067755835,16.76859297117053,25,0,LOW
88.21341267328121,98.0,99.00949300068551,3.7085850378140672,41.41797297995383,63.78314825380552,1470,2,CRITICAL
39.27500880531357,28.362804548119108,38.76820688657354,0.08654575784718543,23.262178092780825,11.025983732505887,87,0,LOW
30.932001937987792,39.4427494701061,29.993322906614964,0.105594480272419,27.97238718330832,10.268829756954684,414,0,LOW
85.0,90.21523473044178,117.9010284943052,4.320980653794459,44.06263320083872,74.18763462894898,1919,2,CRITICAL
35.9755651083576,22.53575070543979,33.32277513388548,0.12838867613538563,28.225891668065657,8.363196989759548,83,0,LOW
55.0,46.5448431459152,36.96774371425179,0.1509109778496434,20.117182710154204,8.947689737014588,33,0,LOW
23.792596798038787,44.18905016982243,53.46050968161357,0.04605311465017656,21.80912370593026,7.369209708604264,371,0,LOW
32.584966839352276,46.4702036197486,48.97653650666025,0.08807981063293359,21.87043014888802,21.998854995664033,174,0,LOW
37.396524532669325,56.77241653947803,30.95626230877479,0.10877036606879589,21.832558773050845,14.918293550231875,297,0,LOW
49.40710643610684,50.56580778409557,23.5120265618647,0.10202313996524254,24.298643808394008,15.882153656908164,346,0,LOW
39.31822695548775,27.716828796683522,52.8259092702464,0.053531961099783365,25.919521289864367,8.582393253559685,239,0,LOW
45.389562099955896,27.153613596792074,19.810567508090646,0.13960344442956898,33.73641869414943,8.28985840592962,185,0,LOW
41.03910186321622,47.58042208230364,35.782259969580075,0.13913942585344924,17.4136822468102,0.9217852960054174,289,0,LOW
47.143418967636535,46.77766842218579,45.916795475654055,0.13612293937631412,22.05944831911782,5.675735922646504,163,0,LOW
34.24844079608542,54.604353924180714,36.54880455343107,0.1720684200523272,24.401614952676354,9.108400543437513,491,0,LOW
32.64649767390299,62.01034400035863,44.10002213313012,0.0972146240777099,21.81118965186236,11.54908588124209,499,0,LOW
35.36368432018547,38.59279568296849,48.47810051665004,0.06472466780649573,20.534748430591723,10.807280384062873,438,0,LOW
39.87402679719729,42.68582578023375,57.07567531501451,0.1120542008420492,24.03827931876018,6.317963119302137,290,0,LOW
47.60832355998244,59.165810317134124,23.0696601580375,0.12397765329230932,26.184077713427705,15.689913496394897,359,0,LOW
45.81099724446784,38.84547617491748,27.949911078515402,0.16997067276673175,25.778179405947345,3.8575790126382694,87,0,LOW
46.33834696155898,40.94235295378423,32.04962263069225,0.12993193370462722,26.366843632432435,6.2562394267429005,41,0,LOW
35.417903371917866,52.69663818452312,42.41864156966089,0.08479992041367887,28.986129203370133,8.416230660619172,345,0,LOW
40.142703733591624,43.603757268177965,51.787220958655396,0.04746284362946612,20.72240565009256,11.253646262812882,91,0,LOW
32.02302158830809,47.62099019314693,40.88734819556574,0.11279286617282412,27.63377316662292,15.946890552740282,352,0,LOW
38.32184132205445,35.90860386624651,44.987817320746444,0.09905649872920327,19.981009144044563,6.92779841537808,380,0,LOW
26.84901159328109,48.65935498148597,27.912019246193058,0.1388737910701438,15.622517845253354,6.114867720878822,28,0,LOW
24.685579950707442,32.24801651075871,28.31409272687806,0.17587019041682803,28.395573755401223,13.819204811952957,122,0,LOW
44.70654043087282,45.612958117519426,39.914052094199576,0.09596691760746164,26.003349535316836,10.000488356772562,227,0,LOW
31.712706804365368,43.74589555798396,35.709203066142706,0.07771042461362203,29.098365622932903,5.977376205060954,265,0,LOW
103.55129890816869,91.61822143662206,100.29356344915448,4.866554099866444,41.86003792387433,56.22130057407174,1316,2,CRITICAL
30.856232093719353,49.06206263806466,44.51135387149227,0.12586062391290168,21.331079008174353,11.794689233265805,173,0,LOW
27.646449126719645,48.21210771063526,44.28341553437018,0.11541718170307527,26.96767978279633,13.810489421545345,93,0,LOW
34.51189569558529,38.10059960591077,47.550883470699965,0.013025644527190433,23.636592580144903,9.97279958697724,177,0,LOW
45.366966360772935,33.51168541861658,19.770272147332932,0.026630361916344353,26.34695045551004,2.7204092845758554,1,0,LOW
15.0,47.60744575791321,41.648019846857835,0.0970234576294201,30.75592924400714,13.888581608069188,0,0,LOW
37.058273649203734,62.19378572271471,37.42977377899653,0.1250817171836521,25.387195230318245,12.032556017699404,79,0,LOW
26.1662227504374,51.09831157009335,33.89100800392892,0.15925642740113038,20.06629215082031,12.960321416683033,197,0,LOW
37.69896766472413,53.79586598688298,56.691868975737506,0.1408037327788308,27.106417997183737,0.0,342,0,LOW
91.81444998171534,92.0089719420459,104.02816478671647,3.4086636273876896,38.20929903217329,56.01118377242804,1157,2,CRITICAL
31.849009262934874,21.616278197063497,34.302882813527404,0.04060959705100878,23.272052291018763,11.416188455013943,252,0,LOW
38.968772519647636,44.051467738887126,37.54168846126986,0.043777871160523785,27.51542439408772,10.061472076447565,279,0,LOW
55.0,52.40222036219852,39.774024996177175,0.06820739765160039,24.2582123365282,17.32821189929995,304,0,LOW
107.58232760721431,78.54244436896245,90.0,4.121374381028512,32.0751838189759,67.50349543319213,1113,2,CRITICAL
77.8655972748881,75.65782991784836,73.57645985414692,1.1862070630313213,32.03794238923394,42.8450891285454,406,1,HIGH
36.08258624343434,30.06705029891526,40.9565879176108,0.11079734794069598,17.632272365674016,5.137290645553987,226,0,LOW
37.606217378867726,47.75092285911283,29.043108184812564,0.09604724316068569,23.530555769298658,12.314455486833305,432,0,LOW
41.37160302827132,38.353666200630926,33.33411575838273,0.09372791269949851,27.202855791859633,7.799601802173042,316,0,LOW
35.536664873960525,39.916029518305095,48.91559270115775,0.10410626095984732,22.37995973201123,9.631124342666052,77,0,LOW
45.01409438201571,52.8680483643167,41.35003324559212,0.09655255361114325,24.428015715282523,14.794452193217484,368,0,LOW
34.96799458505426,55.48924066094368,45.089344719700335,0.06979373923930936,20.299382541661775,1.6887479135879087,176,0,LOW
17.31782189047521,50.17510878536636,29.887015751776694,0.01313907136459283,29.71239592608697,19.760965615889294,470,0,LOW
65.74120702085561,72.91822934994671,80.10284161554043,3.060130243885088,35.191466013881346,41.32032440936838,1074,1,HIGH
48.21460364593539,50.644045440362916,48.66149939187442,0.0456068566252988,28.752927851495297,12.175826446202857,421,0,LOW
73.20018652263904,63.16788514215757,96.21441548092639,1.0828439946024861,36.98482911313392,42.3437865831687,747,1,HIGH
34.335532471150835,29.720437873894586,44.99820989268874,0.09074868640273957,25.19739834734562,5.104361263804791,455,0,LOW
40.077974390938415,52.268601015436424,40.47293291246325,0.11353478731794295,20.278881871937962,5.072140577233435,494,0,LOW
39.631652083558706,51.97328876053439,40.42535271424147,0.10414146153456783,30.878726469460076,10.587121231074928,259,0,LOW
38.16736694033317,30.5020757043449,37.59284616288134,0.13644660204490933,25.991647350851423,6.523749739967629,335,0,LOW
34.93932764522793,47.764520238965865,31.809560909083356,0.04793421857747698,27.099391917950733,14.94957016076146,414,0,LOW
38.297856906507,40.20709949478119,34.84326098281618,0.08304330636452156,35.800736033845425,8.441257090576817,414,0,LOW
122.7508659509239,89.55570040812924,113.19845780552309,4.262502052006431,35.536161900065125,70.89857120168409,1518,2,CRITICAL
89.71548096317578,75.0,114.60000631882335,3.228095652423183,43.25407375518921,53.035532796280776,1026,2,CRITICAL
32.6598672296424,38.80285019344524,42.28566278416668,0.06316880516686077,34.412751117767726,10.635929579903058,51,0,LOW
25.862706661387875,59.74042810508356,39.7390339606712,0.09934501544633183,24.51222950734159,13.820400840723739,183,0,LOW
85.0,91.32695903439826,96.46013782409365,3.4865733450089995,28.608558311433676,55.21622271802653,1807,2,CRITICAL
26.006262440620187,43.95826196612358,43.0209499474826,0.18465335946321007,31.818615364555793,12.455478137498533,121,0,LOW
40.4623208220909,46.44011976423589,33.411780581061684,0.11156547105684819,26.823094730537722,9.358408995016744,220,0,LOW
30.444678626086734,55.89448842299996,30.78177566257859,0.09315804978702519,27.431095073844688,7.487956978432587,243,0,LOW
19.03923994699935,48.48903236600963,52.058449493442644,0.13283289118786687,23.790031098435023,10.544060443590041,446,0,LOW
81.10120987764219,72.63630615558824,75.77919289067775,2.572292813110862,32.59681408966014,28.0,666,1,HIGH
97.32767506014244,92.52445959278103,90.0,4.863189777568274,28.0,67.24035280075542,1492,2,CRITICAL
35.96152335053713,59.460429873946374,26.74411675228061,0.15053821623898794,25.48183816222663,7.175757876739615,30,0,LOW
20.06841499094087,44.07715084908022,25.84477194475839,0.025660106966479038,27.367936485551333,15.683109330099054,441,0,LOW
29.992727832045134,41.20668520866615,37.61523066329974,0.2024957476453033,20.83098671387988,11.791307442704971,26,0,LOW
115.48707115703289,96.82488180706494,100.35005175376784,4.671991598665805,36.90241564512303,52.329247461676275,822,2,CRITICAL
25.978918241547753,36.23480112283475,33.130203892093974,0.08332897734916048,20.503043570508574,14.780301896896926,483,0,LOW
30.904323923609187,37.09988999690346,39.831993689576706,0.05819376165557705,25.26411087018048,9.075101960712601,117,0,LOW
32.89501764555797,49.615668166115725,34.08112049558465,0.08676952024112768,19.22219571954836,8.17913265289705,457,0,LOW
37.53495373593593,32.37779092962871,33.77737902859657,0.0767793234212237,28.895665798497728,4.578547977901961,58,0,LOW
31.880642721462348,55.10331595835546,32.47291732089155,0.184656848932605,25.58831973988381,3.815219501265097,150,0,LOW
28.146115222955252,55.041838625474334,49.31721036259138,0.12531612646744253,29.64220585502969,12.752172127167706,159,0,LOW
89.24930446176103,91.20113844574799,90.0,3.6525800981832584,31.278934969774504,53.9960622798633,926,2,CRITICAL
29.08608276320842,46.95958121308382,20.65211675996443,0.06765462120655782,26.5309516082424,9.983605681032042,303,0,LOW
35.57484455553783,47.74500783478648,37.63171228586194,0.1001152298943626,23.49597224546108,5.299542007963389,164,0,LOW
51.57799843556947,49.11792050738522,36.67074085806829,0.16284726666270677,34.47961204839306,8.651137521332316,400,0,LOW
36.42016093025092,58.69249956291668,43.19685432847358,0.06053969755395058,23.37711021170348,6.187416582036943,318,0,LOW
29.46056301361455,32.342338572912766,22.881009679867297,0.1828628677173466,29.77094160592671,10.441067569794255,213,0,LOW
27.90045799662688,56.4883167337463,35.611309641310555,0.03470926313166435,23.659427124090044,12.156233012863172,156,0,LOW
66.62289121914893,71.36916590544578,66.95690788482398,1.8882948770756962,22.0,47.59397907236416,408,1,HIGH
26.397311711642764,53.245447702902325,32.743219419847556,0.14788445071497186,22.8947481075335,7.353570826063083,8,0,LOW
41.05292764481398,60.363951035095155,44.02814760462612,0.10764899410903193,26.66812921820377,3.850159435294308,433,0,LOW
42.3570458858941,41.24928297128369,50.65270203444303,0.10977288863606163,16.16211930913503,6.6434792365560975,104,0,LOW
35.37200153104594,32.484785366777594,41.10820481055545,0.10893539940726896,29.439474002419974,14.324068842002927,203,0,LOW
101.593308595855,83.03515030242345,103.19921660765444,3.861111068340618,44.0666657940952,58.83533324918882,1109,2,CRITICAL
33.09096425340323,53.61664621003929,37.59025001862666,0.20138678896804668,25.686000061689633,14.263053919352462,382,0,LOW
39.279199644847694,41.14643914088794,48.910763395083094,0.07872271709144008,21.48919781271931,14.50315269568053,426,0,LOW
35.959136359902374,25.79052393877408,37.82644301892642,0.08264927200765869,31.516122325926176,14.267821511988902,70,0,LOW
65.81032438395496,62.53631637300141,84.36821999748898,2.0111934943467764,34.080544193530734,48.61945677596474,975,1,HIGH
35.33090627610901,34.00370422685445,33.56617190751448,0.14087488854580404,20.389095609366883,8.164806219736832,273,0,LOW
60.0,73.01624150666294,87.24115965685245,1.5430738171436889,30.848554821907786,44.91157438140719,931,1,HIGH
36.62250409305094,38.528237385647756,37.294914838109136,0.035823577323019176,16.729231987453353,10.739228044594192,489,0,LOW
23.417334324186804,43.920925338601414,46.335083598987026,0.1880136196314363,27.770082768539478,8.574546930231508,27,0,LOW
70.30672438689508,72.18553785997447,92.68120232386698,1.589821128458338,29.692832071331843,43.45630341573495,613,1,HIGH
22.661489104609565,60.974421913151595,47.70177834669943,0.09630597132211988,22.46816324615469,6.66433935213837,143,0,LOW
35.99608096912416,56.30648256050185,40.845864936977875,0.182197312529875,24.262598518213075,7.4515895649839115,227,0,LOW
44.65519661857937,46.553999866204954,47.627156465730955,0.1639014147169101,22.948317657815164,3.387998509260375,14,0,LOW
49.224789865639586,42.05098862620706,26.237798410234433,0.09566259805790389,28.54846966685622,9.110462290420724,352,0,LOW
64.40009791774014,77.17424456427403,75.19849235722789,1.1380358294200201,30.100479338116596,28.484863512574854,758,1,HIGH
26.70832522159631,47.57654703629174,37.716185487617395,0.06639297232009975,28.84200060999734,14.906937530246479,81,0,LOW
34.78544342245417,39.458705754985765,28.417726884425985,0.058005970744541786,25.83111820052641,8.66432690278667,175,0,LOW
43.7201261741362,26.954305828399658,48.91385845447092,0.09738105655677577,28.31102356416466,14.710846419576754,136,0,LOW
47.33321364223981,43.62910224514461,31.36196036000883,0.043181059585522076,21.684354576053135,9.186856992514045,139,0,LOW
41.48473620486523,45.35524769222333,34.11797089625599,-0.012041640555596755,17.41172564659312,9.894059118276845,51,0,LOW
60.0,66.32250053967047,94.26190828748993,1.8051557916947705,32.28186170833244,50.078934762347416,1183,1,HIGH
17.25346241538638,53.58913356792371,35.932319924219264,0.017626734722542642,26.387236404627547,10.997247975361224,164,0,LOW
35.18850456712868,43.33612521867597,38.344102444130755,0.10336061529921794,30.366473121038876,15.775203140568111,379,0,LOW
98.50704055099762,94.02649695547325,90.0,2.806400631478359,41.1041269851908,69.3169754147356,1023,2,CRITICAL
44.54565729621079,52.20592060640692,44.8125147434664,0.11719995050241575,29.67642114457427,5.344509873617992,238,0,LOW
23.682011215899955,44.733228811051426,30.226877612651926,0.04247063321197267,23.462792242998756,11.395925138096414,216,0,LOW
25.05792607933174,47.12518686065328,40.80780974314397,0.0515568529313203,21.96259006143248,12.970583054676322,484,0,LOW
27.703795991060872,42.52613832112175,27.469855465999032,0.06147452007959142,22.24159274535588,11.733310099990675,344,0,LOW
40.01281783203965,53.34683635192577,33.184158934271025,0.11216437262479803,21.594520491997013,8.53145243686008,116,0,LOW
45.78619791197902,43.88798140553955,32.18053726371065,0.09288424934953125,24.13592119252591,16.16755891535785,155,0,LOW
24.88066430194594,42.82673473997041,43.12370746125217,0.0502234010232017,26.063363906175145,6.492986817175049,138,0,LOW
29.73286564408551,58.92674279277391,40.33090220576392,0.11697697148217692,31.115174266808484,7.758350601651645,259,0,LOW
38.194570927540646,62.30086339454965,35.14603387931622,0.07125253882324702,27.14224476836664,7.02624757951148,240,0,LOW
27.134857595078792,50.42662395467616,38.01114734115623,0.11956359295713782,21.675566243896927,17.43097886505507,308,0,LOW
54.18253066655117,41.73532637883954,46.46849953357504,0.12331458514984664,28.63514297043242,9.913534483351194,26,0,LOW
36.48661295682637,62.72468106312516,42.01234872807281,0.08791298588286443,24.964001883524972,5.369470477991422,376,0,LOW
25.04285917646433,32.971193453771086,51.29953789846517,0.10017613208125409,25.585930237412818,6.055982020763693,54,0,LOW
46.44242764510568,45.21472224529835,29.41897061831493,0.14775433635191787,25.74086243006368,13.777646197876019,248,0,LOW
44.091699157139715,46.742843251097355,33.297722046717304,0.08968307218654789,20.721938833748986,6.929975897307779,436,0,LOW
40.51515892929888,49.910734604437195,32.56649812792685,0.13949547830322515,25.66494653590836,15.827437116199654,127,0,LOW
52.09463867144055,46.66438438477339,35.89173402141359,0.06329398359313387,25.550404165280792,7.325551143086308,117,0,LOW
46.54671947399325,53.88007380790914,31.954432784734443,0.10967413042863611,23.795535965615013,12.62672524818336,424,0,LOW
80.49390105786796,60.0,86.95202940680701,1.7041390443096085,27.611046058457163,35.23447541512533,434,1,HIGH
38.44514104121645,29.112392540653087,40.17208213341273,0.052939658017104936,30.459468932724253,12.215842212946942,65,0,LOW
31.96663533023416,43.67777924648688,39.67891532853685,0.1069778964960953,26.680833774176026,9.853201259096211,275,0,LOW
40.776275381273635,45.83019171976318,30.243866706055314,0.08363850772243683,26.594180731323778,11.492807867240575,483,0,LOW
33.24880143434991,59.27258919108633,36.233950938655056,0.11121319816469422,26.6704881087159,11.456616387966605,374,0,LOW
102.95385474732176,86.02223903636599,104.66214621025196,5.152297150308517,35.77835368535548,60.73113886856749,922,2,CRITICAL
28.25856648149854,35.50852228536719,34.8307971964661,0.10604191024854576,31.399228193879402,17.826255866160533,482,0,LOW
21.343435967966375,58.74337255809492,31.564003598196265,0.1814356274661352,29.23443904611746,13.540257780946447,257,0,LOW
33.715843499169964,39.880810697823584,56.01325521862258,0.1325821891985471,22.308032257042356,13.124686308424518,349,0,LOW
85.0,82.3910029895495,111.60459508688831,2.8001998299943014,37.975143537225264,73.32594373830716,1320,2,CRITICAL
40.618183665013106,20.0,28.644929334723276,0.1255123362371705,26.562917752690336,11.264439876413661,136,0,LOW
48.72685345634597,60.29596579038479,28.343126707293422,0.04051369935960515,25.327447957538777,13.717734156412083,35,0,LOW
50.92198578310092,40.29570631901507,39.424164234518244,0.10037662685981022,24.72306129563119,12.219493380254054,488,0,LOW
40.373314174152206,55.09659117530305,52.311167025072386,0.14327261911704414,24.6363401300003,8.777155788407713,159,0,LOW
22.754665653310894,59.54324857254378,32.8518078462605,0.1150412781223198,17.111803564476674,12.829461729829086,480,0,LOW
70.6990062823486,67.87601101490642,70.28906083230959,1.7651037847652016,31.043771633579343,36.87642785687181,1148,1,HIGH
42.07393809850498,42.06575541644484,31.40053773706353,0.1271315190285684,25.043359328431958,6.444072057514438,327,0,LOW
46.751062715389544,46.20451240341486,40.290855788537506,0.1405170924561964,25.519356704964032,1.0426848018000303,453,0,LOW
43.449253565042476,43.188645561170844,38.507999132312946,0.1481380499895841,23.87072647366339,0.0,297,0,LOW
85.80204153503264,84.97688410522903,118.93949622378321,5.2799392928697895,37.22015706234205,66.53678507219989,1272,2,CRITICAL
28.146481978964054,45.74326856423141,32.691134033622205,0.08664983879762646,24.715144935773665,17.719685878076152,129,0,LOW
30.82233852537081,30.695616469082445,39.89228499433419,-0.005908368313671558,26.79429507596393,7.305718522874712,239,0,LOW
29.037645186694974,45.8332030819322,30.549215595160163,0.12086009375494994,31.93315047412058,11.956535404515089,328,0,LOW
78.38149258997218,84.81318949615216,65.0,1.3223875054560326,30.515634343590634,51.111206768201534,1128,1,HIGH
37.145727024178896,53.95898221365012,31.007278916291416,0.1502744247004888,27.345186908474684,10.501339551994269,130,0,LOW
39.11294332281702,22.590348137156468,38.67220448608089,0.11927971245833999,29.886734938007724,12.695307212253395,184,0,LOW
42.171660276668064,40.26100671516517,18.0,0.0520431066392685,22.73907656893764,10.959796265767281,124,0,LOW
42.04983108610243,46.843703954358986,33.59234957966917,0.1296905183377301,26.865166714073528,14.42764774025088,286,0,LOW
31.1123599294529,45.57656902581019,32.14630551387346,0.02495915841620111,24.84862622954526,4.416364990588613,164,0,LOW
21.86655960741451,54.53015811591114,39.41135613510801,0.21551317368129444,21.860484916349257,16.023640915942032,158,0,LOW
40.693058220771974,37.68121679514504,33.39017896054887,0.04593538287342043,27.934310921912658,9.529718664390836,164,0,LOW
36.66952969028869,40.44633158744679,36.892653284021534,0.09943915018174018,20.695799736170766,8.161011026235398,199,0,LOW
21.821825011005803,41.5800522081677,55.43705932925555,0.037733759066253675,26.259707915580485,10.806115626647696,221,0,LOW
55.0,49.98253872366483,29.21137023601026,0.16240301133617127,26.201357444585916,9.828745055446745,19,0,LOW
26.082060611188037,38.966624293123914,31.225412300661574,0.16230881529500885,24.664281952343924,14.406835019322052,3,0,LOW
34.364078288398915,31.64290767445302,50.1079667187562,0.07236213427296151,25.187873214422495,7.486552183558144,165,0,LOW
34.55462069481851,44.92575769986861,29.03044527692805,0.1220181842569493,33.022982784748095,11.243693877381439,30,0,LOW
91.84350973926847,91.42260872424036,128.28109567267958,3.2464894503966417,39.959161929781644,56.796134193834696,1966,2,CRITICAL
19.945505227203224,46.44370989174198,19.940656418713626,0.050197422522166725,23.43122201891981,12.599367049154498,19,0,LOW
78.95754331041869,86.13120904888976,74.8663578090354,1.155719418924532,37.469122531675204,42.833041671149076,1128,1,HIGH
22.82468851986215,43.64471646576914,45.577754539181825,0.07809211803811306,27.964941055716082,10.305568506054506,183,0,LOW
93.93024506294346,83.28426996502021,111.4644790835527,3.864985885153305,39.0264669695074,68.37098761368603,1413,2,CRITICAL
35.24727058780224,50.50322771287414,30.492966543349354,0.07463820865936444,22.664383519194615,11.535587597950462,179,0,LOW
21.502455564757458,43.50222826258565,45.337228953798345,0.16516969001624765,24.54247638473786,8.446354751632546,230,0,LOW
42.296583549889995,40.36197309877053,39.574607026031536,0.09810587686143359,19.58715429315071,4.526507318791745,8,0,LOW
47.079247316687535,58.164927714451835,40.906610681536534,0.05590793696370717,28.300303699178784,15.44523484222606,323,0,LOW
37.24046484682017,49.27323947734107,39.98161799088359,0.09399734368010833,18.63127196041651,7.913981953593101,293,0,LOW
35.1003917631394,43.97203409182993,40.335993642669116,0.13770136057431312,27.342189038587755,1.0528570665904322,317,0,LOW
37.474572184981426,40.5688098831109,33.54588894158925,0.04883769399498146,26.627224601398424,14.08233184111748,488,0,LOW
43.32622898636713,39.54940385641117,51.927638503597194,-0.033069971035665696,24.01680217809817,11.457975917185296,428,0,LOW
48.11166428362686,35.1349262002782,44.590911768895175,0.12752112539220584,24.335760255264734,4.789088913178142,66,0,LOW
24.885759789628672,51.7169460972906,18.0,0.11366608428096822,32.752201723304715,8.292284974123676,39,0,LOW
31.15212622846814,40.00900549560388,40.67001066139176,0.14265032908762332,27.412457120237807,12.542892625275025,300,0,LOW
25.810954806877902,58.69084023966771,39.63212813208219,0.16678747029956847,24.588966110830555,8.924853145878497,394,0,LOW
33.42920015844081,36.842226331171325,37.995408337024415,0.11057333942598449,22.28979125002075,14.194320820893209,310,0,LOW
72.28676527431782,60.0,76.27861975203847,1.2279451828724492,24.056021831506726,50.37429105423159,896,1,HIGH
92.47996006553502,93.0652830575156,91.05467274852668,5.749888598554122,33.185811674322686,75.25873169575712,1476,2,CRITICAL
29.384128110423173,33.41371223633736,46.49272686734081,0.08885640146659675,21.84310039253414,9.35728549454696,44,0,LOW
18.00202228081255,40.148147495534616,30.067031823478956,0.0789045549519399,27.592328683320105,6.732826915103832,347,0,LOW
46.723984919181646,33.544499708289905,35.25059621771257,0.14739197549480224,15.0,14.499450031036162,168,0,LOW
46.93895961130302,52.50120510024427,25.269701111372385,0.0016176346274069525,25.066009413669143,8.674611849476182,303,0,LOW
45.09551126922943,38.18928917128079,47.425506506873475,0.08860208397401403,24.335776441518448,9.135012227329657,318,0,LOW
36.83374131027686,57.41966210467032,28.76288135574899,0.10801521257106632,24.0871233740179,9.974852800533721,467,0,LOW
24.155261588143972,47.56248595159857,27.37397500807835,0.07052959171976818,25.15816705852583,12.11529165060572,202,0,LOW
37.27699507033391,48.388873509794266,35.43842615265159,0.0230355864970294,28.224544636402193,18.808450613773726,329,0,LOW
29.38909251434645,51.329964932629544,34.08503136914763,0.012154545546700882,32.484120819048286,8.901083360977015,435,0,LOW
27.942069053314718,49.89164978529751,28.11349005477214,0.09744001857174331,23.1564071450165,6.03791762505635,309,0,LOW
30.281960875289343,46.38146798020685,58.0,0.11362614302898227,23.112360476125303,2.5040371172651072,9,0,LOW
37.6140222221127,62.09606689335139,34.073159355991976,0.11228752699673837,18.42965130763766,8.62311920207831,324,0,LOW
20.36374204112458,40.90746881711885,28.15062681941889,0.1717776043160939,29.017310281329568,9.097857208093066,146,0,LOW
26.68420997606126,29.91309155556806,37.79036478237536,0.002125797221693454,21.97272226788609,10.954955844419159,271,0,LOW
75.10791278631879,90.96379287438909,71.42545972228392,1.0690389189111296,31.13773409493071,31.11021551398285,1137,1,HIGH
44.00960897580518,50.96827107402379,32.425707244376675,0.20371369280322202,27.763293166065967,8.806302338629072,30,0,LOW
100.7683870829543,79.16762201895932,99.09016792456556,3.4343595330149994,33.55462818876883,75.31780650340839,1093,2,CRITICAL
41.59429900781154,51.07577564870028,35.951141285052266,0.10823879393075132,20.43696155829943,4.593826886283559,264,0,LOW
22.045030596991687,32.91363647485012,37.232198178409895,0.11175311806939038,20.683170749214725,8.33668041965589,160,0,LOW
48.201795068388556,47.452737711329036,39.07888289939991,0.13903668267827568,24.37917586661469,16.052291118699713,206,0,LOW
41.2825817983092,37.63329410762318,28.228052117387104,0.06810238847036393,25.833345845149676,11.926299738317484,432,0,LOW
30.18635853235462,32.46706754160343,47.03029509407273,0.1602857354114846,23.85373484511925,12.617031825554939,163,0,LOW
18.36212344081279,52.08565972922405,24.416094791394038,-0.024139546770277853,31.84687702079796,0.0,212,0,LOW
101.49364703422212,91.8486003009292,94.61600134057245,2.7494064455510916,40.5466143850577,78.02694150986028,1393,2,CRITICAL
71.62750632699378,66.42620183535526,71.35977215451021,1.0919740393266646,27.17562096905141,56.74100711084843,473,1,HIGH
25.754521270632676,58.288956049552006,18.0,0.0867608609762559,23.907231723060985,12.069839789068336,394,0,LOW
21.418571183325923,45.587461157004114,29.694330030154703,0.06891272802012358,22.429280544131263,11.54844317360867,301,0,LOW
37.130320747561925,42.28671280271797,25.5025734806434,0.09935758836904961,24.263283978446093,6.396122095555687,139,0,LOW
48.712907278431175,52.90352060182996,47.14871801846996,0.09093763824402891,28.044858054280322,5.675855233825786,229,0,LOW
27.61778181562163,36.940025197158576,26.839078174274036,0.1342743821727188,27.295536106181512,7.0636700610706615,181,0,LOW
93.56146439537113,82.80896529451678,117.35819181730848,3.3359332948064147,42.337436528244254,66.49494373405243,1592,2,CRITICAL
34.57833862468139,35.28085142958161,38.80774957432289,0.0981955652591821,23.992137992722704,4.967379505098185,294,0,LOW
33.65211858162554,59.24861814102798,49.25987414197647,0.12288111943832827,28.264192407850324,13.187955888075402,66,0,LOW
27.24983319855038,60.623101139513636,37.81306101815336,0.045942063848477724,27.45325550766862,14.445840523717024,74,0,LOW
96.9375875119163,91.73117841527241,110.54418637395761,4.017609372964657,46.45622252311508,61.84087929103522,1494,2,CRITICAL
42.593501575322065,58.78205706516315,39.90109098882285,0.11816582695267043,25.023749922343388,9.83722477399274,427,0,LOW
26.412053892046714,49.35132248225834,38.77466780835467,0.11715710141615152,31.596486194685582,10.881684662515365,69,0,LOW
52.69103567450304,47.98303318287087,24.115646950132906,0.0907721428892791,23.41156733957044,7.277062470157706,319,0,LOW
39.845705023626664,43.66100585368947,36.13844005636997,0.11733678076035765,28.412723039106893,15.751548311440073,210,0,LOW
37.503301399409835,38.3016996140321,47.91005769066601,0.126728194024867,26.48118054789238,8.933458507332439,89,0,LOW
28.534588099571177,63.64403929591822,41.00092588561806,0.1891665573323166,23.362340719769566,11.21329465134551,188,0,LOW
41.382312558232236,45.50204729953995,18.0,0.1753540277259829,26.37922100645934,8.18464953730121,183,0,LOW
43.31365726031669,64.35843106369799,34.146941626167006,0.05924955871199136,21.08032682662431,7.665761210091165,88,0,LOW
85.0,95.20442761921193,115.57133717690864,3.508166981690192,41.67479442922263,81.47925629352454,1332,2,CRITICAL
15.559208639138273,37.13491462667933,39.330187480978424,0.06406949485350498,22.164838307207063,14.29260006323884,457,0,LOW
36.6900355844062,43.51510785601044,45.92479940626782,0.14246098400236662,24.281886141834647,10.607931936770347,18,0,LOW
35.63064512689206,36.557026320988,24.549645720831045,0.05988662009131939,25.714953440932682,6.695022515272186,281,0,LOW
71.37857117070153,65.94059222957999,83.88321611857249,1.5117401511487165,32.341025126109884,34.30682993527233,787,1,HIGH
36.35250885699388,53.08444971718437,33.0603295455313,0.09189851017027352,24.83467748206461,9.939628728260999,348,0,LOW
40.61030133497303,37.903766357939524,44.08717779680099,0.15715387309155257,15.0,5.96146998614214,404,0,LOW
35.8136082953055,37.68100347049295,31.102384000425417,0.011448977593926324,23.12007846968001,13.170315032952377,244,0,LOW
66.81035228285508,82.5452633370657,72.04282444510767,1.959302774356846,34.816152485119375,43.653654175976484,793,1,HIGH
35.58387591001519,39.463121837278585,32.56024937930318,0.03813043696827319,28.270357292133774,10.411093168450439,41,0,LOW
47.2635038033967,59.51958650766899,37.157911600878194,0.04942650852026488,30.507239131884482,11.269480533175294,45,0,LOW
97.74200419171136,83.98486799266524,115.91036566841541,4.295670001871165,30.497800816045167,53.04556928676405,1121,2,CRITICAL
28.13493953343653,36.78043603891392,41.84483985431605,0.13976129885911384,23.179502324377346,6.564286398755697,443,0,LOW
37.14180210272928,64.59561455167793,54.65527634822797,0.06455774247659121,21.903449648903095,6.607012092229738,273,0,LOW
37.726899995426905,33.24112356736954,50.80991008557616,0.03422588475247733,28.35810403310225,9.679585695778625,192,0,LOW
34.0146725803452,32.44651060487934,41.25869370777293,0.16752195024871908,28.882122354533884,12.058718907645172,138,0,LOW
62.400464303712546,60.0,82.98277797714707,1.2738432086581373,28.70875873065847,45.852419247405294,994,1,HIGH
117.3511049295729,85.54009990486831,98.60012944044355,3.880976518369815,29.853187938916275,68.01289382582,1634,2,CRITICAL
37.220949366916734,48.27569928981999,36.945055559270436,0.06907783809382467,25.42341727527347,11.900237377422753,302,0,LOW
85.0,83.55259437172303,108.79007482864446,3.2978641357063823,28.0,66.91140970518396,1703,2,CRITICAL
37.09863199738483,50.59696353714926,30.27695842052203,0.009388074628070592,26.346873587430068,4.617987940952408,86,0,LOW
44.22259037001422,59.04240479778139,32.88708121435562,0.09501579683749693,28.85993710643171,6.014208053427035,463,0,LOW
51.06243404734978,44.60548784584542,32.014705308509136,0.06314814587322673,20.798268302246477,8.758139920063899,75,0,LOW
71.5608398578739,76.63713689578307,65.0,1.1973177831989965,32.5469090131305,40.311576901415705,861,1,HIGH
34.048252455007855,37.65014976713304,32.38719767470874,0.1016390356857665,23.668441174804958,6.215910821690661,205,0,LOW
30.456329951021267,62.46880380907821,32.75201576396111,0.0817884480107413,28.984875091335457,9.949618288559954,87,0,LOW
38.503245868953826,48.53431174142126,36.213883200976994,0.036270487304095364,26.390080025223412,17.062699606479725,377,0,LOW
38.04493729796071,39.387269239204905,44.36207874168844,0.07158100998897685,26.298020738740423,16.93436262778403,362,0,LOW
88.10187163414021,60.0,93.29903547897375,2.134596781565425,22.0,30.613703528016313,794,1,HIGH
42.827786796961924,53.74398300688619,33.01693915499853,0.1393348002270219,20.96859186141245,11.290979103941517,142,0,LOW
79.3138590038137,60.0,94.40288694182149,2.294890049048969,34.383573358122035,28.0,765,1,HIGH
102.21691277792195,86.90660516220083,98.89912849395161,4.950350851837562,38.0382695814065,54.715491206058786,1836,2,CRITICAL
42.41086025266918,37.58181280665014,42.202124968268926,0.0013673622635790444,23.28436411712115,18.164501985453967,371,0,LOW
31.625794848924535,50.974681759089464,38.54593398310148,0.09798927606345939,18.23079521470769,16.870430776092345,460,0,LOW
39.4518921646357,47.61246487044516,22.061635764457296,0.061286023399477536,31.968021750060664,13.344260720754324,235,0,LOW
80.55220684999472,78.91067723859648,65.0,2.6852620088832095,24.518512231103536,36.12991574043114,735,1,HIGH
63.56033261886533,83.36708538664568,68.61575408347437,1.4653949602183076,28.586726506290344,45.92985039781385,918,1,HIGH
29.80420940931421,49.663292926159436,36.447905104894886,0.04630207521732021,27.483448595599775,7.566564158109058,90,0,LOW
34.99015486776044,46.42476670053367,33.152560262345446,0.13155801181773397,22.16048590820906,15.709561388501022,312,0,LOW
65.87151093485843,60.093537750444895,71.7251564010286,0.9122142414797901,41.95518862974098,41.74972367571915,448,1,HIGH
80.83880614300209,86.97451991773215,82.46492771366609,2.1357040524817075,29.675670344493756,42.10500227536538,968,1,HIGH
43.55320975107303,36.752980791665266,34.974014078985824,0.16262746991454274,23.222724062962197,17.138538399224966,394,0,LOW
32.31288315844442,38.1079476102056,38.48529182792615,0.08532919236125716,19.091903482465653,9.001947363578887,380,0,LOW
28.28440089332002,43.56592937488613,58.0,0.11347741836158787,21.62341812556548,10.9621900189227,271,0,LOW
23.828761479973835,59.398910334187434,36.58374401577085,0.11336490325142491,23.399986763553766,10.815104855601794,481,0,LOW
32.36017071394976,35.2128860842172,40.110906887613254,0.09514513082476214,26.043669144671973,8.970082062708322,40,0,LOW
28.685400392201778,31.312056041640425,50.11728649965506,0.12371651985843987,29.598243678566387,10.652402710180473,471,0,LOW
29.586460576965806,43.281020943774294,46.59495333219506,0.14061601941684423,26.278668120469714,9.631590132917628,241,0,LOW
92.059706403339,98.0,101.62046236607125,3.579567459194399,42.588625100723895,58.343347497925635,1532,2,CRITICAL
106.0184921244978,86.22157788342139,91.04711367520547,4.165380338101571,35.809159474413434,57.34754145403311,1436,2,CRITICAL
60.05535959158555,80.21468054949379,65.0,1.6548200908892274,24.371650414747258,37.87053112695656,1033,1,HIGH
45.648735375147794,39.880343605419604,32.520279559415734,0.09590418966245362,23.572099564754517,9.278841034185414,281,0,LOW
45.21008280766006,54.7499173268933,40.39826295157327,0.09223167743445594,29.06813957801831,17.470713088477897,337,0,LOW
65.2213450816645,68.41881050349416,90.56908508421097,0.8,23.577650080802563,28.69048140639307,481,1,HIGH
26.01307407338558,60.00592485424894,32.8172888463554,0.08106027831317489,29.78318460045253,9.346227506889104,386,0,LOW
40.766303898551335,57.88069036809905,44.61107190184768,0.05346218489084031,29.744466764001057,8.873970058031166,26,0,LOW
93.15789733677653,76.58707172447066,123.31328062367118,4.186506661432073,31.87101763385511,68.27493102947034,1687,2,CRITICAL
71.60760414051686,74.73759031683628,86.1776873263872,2.612163899938354,26.112803636296,39.10364377410578,454,1,HIGH
43.59100426871142,43.908723792023856,38.57209929665115,0.1588511782690995,21.347678405557488,18.765412899465478,318,0,LOW
40.17994145193207,55.37317971134961,41.25882551270152,0.09523728101453335,24.278875727012938,5.9591383094916335,356,0,LOW
45.831956514671624,37.29775225321249,44.44466070226995,0.1209896575756784,21.749871335912246,17.77619339793324,270,0,LOW
44.88072182271273,35.41602458877321,33.94874291086862,0.18420465725762258,25.996776022422164,9.633576400307751,288,0,LOW
29.592033981345285,31.019349194680103,37.415884105106734,0.0891986763398216,18.160575792077097,11.005889048480253,355,0,LOW
43.58066327555163,50.52321694946658,24.65580756032155,0.03772247891427503,21.059719131696983,5.660633844718371,493,0,LOW
29.28108878841283,38.525598679632765,27.614174887382717,0.16589968227494223,29.32206222344005,8.931711525016876,14,0,LOW
119.22791692715185,86.27602312655449,107.90837046050945,3.107980340354366,37.034359789665544,61.53096022594371,1635,2,CRITICAL
69.0846692130092,76.52766379308886,80.21069308394931,2.2634043372399324,30.124482255486914,42.806094577104496,781,1,HIGH
70.77993954049221,86.10011390569949,89.99639378905688,1.7693609467782934,27.756372366762985,40.20320327785391,408,1,HIGH
24.41100863261842,36.635799986654035,30.0612517765704,0.18805551213877314,27.457703978018234,10.537528329245063,427,0,LOW
69.31381219294018,74.9854956416734,74.4997510997239,1.206094463645579,23.948847338384162,31.278126495944562,926,1,HIGH
27.58722702921909,63.53067914814959,28.246114581197624,0.11563951257093258,32.084748889516284,15.640464762135771,361,0,LOW
25.43854358208342,59.45176213067492,30.7153793975605,-0.0659923832246562,26.136735181149632,15.133277374426843,364,0,LOW
40.62570676966332,44.62799744392578,35.14431027085997,0.0873257726248984,29.30369888474527,16.2168323097686,337,0,LOW
46.56770186315424,51.081654009111425,26.25432275338961,0.028336443351379234,24.487052912087044,14.511209027685837,305,0,LOW
69.0646741898259,62.678839403533146,85.93418239425964,0.884495975578475,31.295517460330167,39.60291902778128,495,1,HIGH
40.530292125777365,51.80297802381063,39.8083948173833,0.1352617135843311,29.161814223372378,13.197348999375212,55,0,LOW
43.157279642242564,49.93478755202946,43.98398412566707,0.06508908079280311,25.857190254947863,11.872280365882316,456,0,LOW
46.57009166446352,45.402417397859374,44.38392930049834,0.1147369423916308,21.507017274895333,9.676819467934298,101,0,LOW
34.484136897384865,45.26586857447164,36.25942349534709,0.10860592605784966,22.361605371125467,14.386744738876416,62,0,LOW
41.421645813482385,39.360147749499895,45.502077240793376,0.06442704296360816,20.771868711909516,7.715181692598275,109,0,LOW
32.10923381951706,41.61261651926232,38.44047929229136,0.18566167269009345,26.173069868264477,11.876303860047125,28,0,LOW
37.16651589907523,44.43503335055122,46.249354195026115,0.05894102085938504,24.23508293801786,5.2469398225729424,101,0,LOW
32.92162975496693,36.33852472039427,29.60026549049189,0.05616064258121976,22.882585878271627,7.161739549240794,268,0,LOW
32.67529080366654,43.626405210406745,35.55282413858119,0.09687174633151985,29.56949335688982,8.91619414999624,108,0,LOW
36.754664033175565,37.48933768541848,24.9576569000727,0.12345393399825007,25.159913740853543,15.062823452728074,244,0,LOW
30.01020697449932,66.75692811013825,42.512217540765896,0.08454415601485459,28.08375849697338,12.147185590319035,221,0,LOW
26.680257980785925,51.817626674477594,50.389073321095225,0.023862441476141832,30.674421241557432,14.711816262483712,160,0,LOW
107.3116626773997,87.42986588400737,131.22811357517156,2.5,39.92167991432813,62.32562144962377,1097,2,CRITICAL
60.0,64.63599405818988,89.25088744657224,2.0296623315290487,31.59251819828571,37.159797870459386,918,1,HIGH
15.0,67.92012224610991,45.13120090785955,0.0703435032155004,24.26855202903875,14.053286955698809,133,0,LOW
40.27552891012768,41.0215281039197,49.152271782705604,0.10075479979502015,19.04537158416606,7.013243836960527,214,0,LOW
25.730015818378902,37.147916035148995,28.67898350285106,0.11430253499010104,25.79970965959029,11.369205943962724,90,0,LOW
32.3734552813868,44.618931432061444,35.88727750113588,0.09373199174184825,21.561048744587282,4.1120399076734575,283,0,LOW
32.312255422944546,44.344238489221596,43.19072606725782,0.11181720484895463,28.200378759386208,10.436783500867776,270,0,LOW
34.92894013931627,49.45699505290122,24.985771142269783,0.05612890148562075,20.43566041441981,2.79731283104178,349,0,LOW
28.087151796899967,29.546983707262896,49.45434524800396,0.16050520398016324,24.08763637437459,17.242778036328797,27,0,LOW
70.64715923726402,73.43027207369236,86.55959091449256,1.9816404814333695,33.286807250356425,33.68419842929827,707,1,HIGH
74.56155863373087,86.69634804863053,77.88796957825478,0.9817221436152309,22.03629789987276,43.48452907112635,752,1,HIGH
38.90042036709068,24.059036402259643,23.949075501502385,0.25770184500286747,27.483575901143364,11.01282692313693,53,0,LOW
41.41503956614416,43.75131664300147,48.31420903764551,0.16108272223059547,33.97094504758528,2.4771708598509843,384,0,LOW
30.930637676064755,61.119949055466336,30.12992547607942,0.02461811919933668,27.339805369691128,11.78404949843518,246,0,LOW
41.59395148614375,41.97680228449466,32.16981339801691,0.05628634653111225,22.546950764568635,16.557560105622304,486,0,LOW
34.88869256293164,45.47075311563334,33.7983723118035,0.13299348340484204,23.716272725441307,10.636162299076334,294,0,LOW
16.75044701529077,32.72480612895303,41.490204051892235,0.029285351827317244,22.421688447648563,6.621728924429899,60,0,LOW
32.613074995089896,66.06262199907064,39.35366876969366,0.014281574403780889,22.597137867813558,7.766005215288034,306,0,LOW
30.759755691026946,41.593426404260974,35.687867920019855,0.07457658973625808,20.42249829309485,6.220912860542789,391,0,LOW
50.61906457770095,33.21737608083702,53.08995076323538,0.17542279724749518,21.263692594715675,6.608243936517256,452,0,LOW
31.01782915037633,52.84989403486542,48.376841268973486,0.05988122524314475,31.239563647368385,6.700713378648344,453,0,LOW
27.360982967263872,42.348766700547934,45.96745248198001,0.0005478039828907544,22.700245840475333,8.079414889361738,389,0,LOW
37.25130482541763,43.56757577985032,37.25346117004734,0.02566006295347155,28.50208169186256,8.96591782190835,92,0,LOW
23.31095394201667,35.50577706098121,39.61235949879365,0.09674735215823553,20.92327207715382,8.249127905495323,198,0,LOW
64.98992289391441,89.93233083653865,88.48672135936515,2.3503405504082635,29.831036302902927,40.65615162727752,753,1,HIGH
27.845448704981976,38.49301520677944,35.43318861695355,0.14589471931564235,16.771089753426075,13.33235234405695,44,0,LOW
37.98965936139284,34.63050463229592,30.168008865757105,0.05578179679169842,23.71372144562997,2.1993205247875336,215,0,LOW
27.578177460182438,47.15268488463262,39.61763103374769,0.2512741472237381,23.18661392595116,4.379183782502273,342,0,LOW
39.056463805612886,47.50230652323809,31.99463912851637,0.009343493742625802,22.66234792737443,13.722725197757304,351,0,LOW
97.06297860934764,83.32233495350629,90.0,2.815669783924905,35.103142612921616,67.8216380049034,1195,2,CRITICAL
27.559961985737573,55.93143336849484,23.15975047614078,0.09574311597683155,28.179959128718867,13.627191070750813,30,0,LOW
67.99701700262376,81.08006457754537,68.1434558312973,2.4225472976493405,22.0,31.331782423874543,818,1,HIGH
41.21783048785893,39.59140920116473,33.55207010334318,0.12025594200326216,27.173738409427084,10.121965712152088,237,0,LOW
34.577961075119624,49.71191450678384,22.22970179992196,0.09142388944444924,29.076614842639724,0.6336798092347777,300,0,LOW
42.6532120150781,40.376626989543034,32.144782758823084,0.14539821126311672,22.516863888665373,10.958029686988349,363,0,LOW
106.7730176896908,75.0,92.89282981671496,3.7338838849794858,38.22933654268855,64.8743586549668,974,2,CRITICAL
85.0,91.58602895745521,113.25909694814297,2.7966480511701812,32.82776172326465,90.0,1830,2,CRITICAL
43.864482310383224,40.8779895521734,37.77272455934557,0.11228622240755688,22.718570212489524,13.370162101931747,8,0,LOW
28.710955899414326,27.478693412769953,42.815904408082886,0.16903139394552336,23.412186370827175,6.837923785400259,98,0,LOW
39.99270505426533,60.46643253254923,44.452850067396575,0.12276448425776694,29.819423761129165,6.581152809601415,151,0,LOW
34.86741974884377,59.203341833352184,29.683819773891383,0.10843702978577968,24.15959085044109,8.638659989241289,267,0,LOW
25.32573594999276,50.50103516281526,38.537096741907334,0.07365198657465175,25.565899630554757,4.503776547389226,113,0,LOW
38.56221024933127,58.41702158310333,22.000058076221386,0.008215888117905717,20.824679961778447,4.527718447006216,246,0,LOW
35.482472798253035,40.19212976919665,38.088337672205704,0.07693769188924818,23.06603402376343,15.52046210461032,24,0,LOW
33.94313387562685,29.76650520058954,27.755524761119528,0.09261393470055848,30.30525684165213,16.60024943619094,209,0,LOW
35.285054825318014,48.66854592649626,42.8713945482294,0.11696778120178838,23.404977513543685,12.728652360065624,350,0,LOW
26.991129171127245,46.569428033781016,37.16873447996795,0.10701147774130942,20.069783039561145,8.646794317275843,105,0,LOW
48.09224917667615,36.69759002297482,35.60143336081563,0.05430467089200478,32.474296200161646,12.678584735072963,423,0,LOW
25.479313817338706,52.02181991958887,36.734894094905194,0.08132074984378142,29.009112318366125,11.622811330931704,17,0,LOW
23.20303124508735,36.30294019250302,35.077681181362514,0.13863068654064878,23.990467607905817,11.615378197039037,336,0,LOW
48.401365880246146,44.84628769904731,31.452475615046676,0.09758734333516869,28.357246392981573,10.224401791075971,52,0,LOW
27.73393989625862,38.92310297774804,26.73998749773233,0.09296006911871901,25.773284504960095,13.063126493991255,77,0,LOW
67.41000855010621,66.52580381496952,65.0,1.639450521567542,24.909269240353087,31.13780402527491,481,1,HIGH
33.895123053333684,31.483091895730936,36.74948485818488,0.12817506633387726,22.730338675628886,8.15973351662808,295,0,LOW
45.138290034654766,40.972110304330364,35.08322226224975,0.07722174450135617,22.921410786619422,15.95885627157848,431,0,LOW
93.13063473326083,92.89712329692823,106.26678832665925,3.815324284745018,51.21997330641379,70.02835541885196,1317,2,CRITICAL
43.147328764616255,48.00206321704553,49.483722474035424,0.07130135897676418,21.97054974138966,9.31567436793987,348,0,LOW
41.6178789239926,42.491784821321,26.00156389163079,0.09611409755373373,28.945186405997315,16.89010369782848,399,0,LOW
36.99886036295802,42.629594638937746,33.50610514640637,0.11027796404815737,22.55681907371879,6.083557194841681,93,0,LOW
32.88169269472652,47.07747325630929,33.379257511399196,0.09598604046828961,30.33847434589464,17.473444647457008,322,0,LOW
34.42658781229453,48.170583902390234,52.98753409501222,0.11783384248233791,25.657303267998802,16.756163879884475,237,0,LOW
38.00935116954614,60.31332521526939,51.97370328944106,0.11241725406337003,22.557720398315904,12.918362853993724,4,0,LOW
41.940997228528374,30.015889321223426,38.06872423922638,0.0028207921792750418,24.148298261740386,9.733864551085075,162,0,LOW
26.514856976247508,45.02606776883674,38.64185991448658,0.10834126854197476,15.09008355927124,2.3602399095797786,387,0,LOW
24.597338024245076,57.04217514543494,35.222647100978286,0.10961176566421392,24.118399570209007,3.257057405219525,186,0,LOW
61.5329063949444,72.17766078972626,86.74219309835595,2.158937697601538,35.633016352915746,57.71723368247318,551,1,HIGH
33.9676472512842,37.196502272545004,40.970298061238196,0.23631123105171184,24.412759911700213,10.085050035007498,437,0,LOW
45.553952422346555,62.866424508238474,43.11200375553289,0.09192450655563111,24.693042666621036,19.247501836191017,493,0,LOW
16.179573526073554,47.00126198116689,31.000191677034348,0.13900977943017312,17.17255338724903,7.34711632672388,267,0,LOW
35.818441117122255,39.46120794067981,41.89348184878256,0.034385950449071626,19.505651832230235,11.652256119503303,6,0,LOW
32.562994648732044,56.0554693285671,36.85713471988763,0.1080559039174785,29.69348686440846,10.35269459662292,48,0,LOW
26.104522804563892,55.494938146873714,40.334838847546415,0.17009329882884316,24.454493449810048,10.337514877040338,242,0,LOW
37.856013637770474,48.39947721226349,41.071002858097664,0.09746431476377078,22.704651074249448,5.4985713649205685,267,0,LOW
27.980969547675468,52.45566591532366,36.78121711797164,0.13170787481520752,21.2257629318574,10.283382634238174,380,0,LOW
72.31414826903236,60.760615791180655,93.9119769794594,2.3739731855613138,24.586330645343146,31.42353520678349,997,1,HIGH
19.376930436867084,40.88541633061285,30.065210947253668,0.07494964083119918,16.722125218994826,6.252758352553238,376,0,LOW
32.003315672743206,28.985140703332313,38.07400185121231,0.1063571731046568,35.81527198609388,14.65366299620758,429,0,LOW
28.44412855580948,59.37711793556594,48.8648700434775,0.11067789071744666,23.27311689470369,8.106523627766677,264,0,LOW
28.511744434249312,53.11074390033638,30.75958382748889,0.02662016130837068,23.663256918429852,7.118214106431985,48,0,LOW
46.12887085477867,70.0,39.088902389547826,0.09998191405714925,28.68248832821891,11.968451873072635,34,0,LOW
29.385746859453736,35.312090841715346,24.798426665577672,0.15114485928754662,20.675972097662637,5.7078928841012475,365,0,LOW
93.72247986581405,83.19406893803057,106.34824467625995,3.4141282524532355,43.369719319623606,50.0,1100,2,CRITICAL
114.41581989379728,78.01611867108429,98.10420272363528,3.5091016745733588,46.29980888928068,78.76821560275478,1798,2,CRITICAL
27.835275160867134,53.676012620593404,40.852189332553074,0.1508120687238388,17.766269290956846,0.975612936445458,309,0,LOW
30.751663088999564,46.35280424948231,42.87508467359845,0.10756537982200627,23.267097284708075,6.637934346936236,250,0,LOW
69.16173743083007,73.15769696521322,85.96233723623388,0.8009009279760794,28.73829279858601,39.616000328457936,784,1,HIGH
49.4748039761588,48.50393071457192,55.27354279627115,0.1387774692094455,22.503718121468676,7.526226311731325,415,0,LOW
99.31360776733436,93.42994110898911,99.30958504262338,2.5,35.094997865728715,90.0,962,2,CRITICAL
38.131144610423675,43.3903642964126,25.67156240668747,0.09388619562552843,26.228534677283967,3.9797345481446564,36,0,LOW
85.0,75.0,112.87598174880492,4.165829547936368,41.580740089472535,50.0,1338,2,CRITICAL
38.79981565182427,35.2902052550852,46.67871427668481,0.15921602591402773,23.236581331528654,6.098734412700912,36,0,LOW
35.88314691511945,46.182867908688024,38.231993666682804,0.11097445999817122,32.8502261909134,4.777286713244358,251,0,LOW
29.08135794577877,42.75670404980919,41.628025432364296,0.07355665537446474,17.620277394461457,4.244152361627115,451,0,LOW
68.70338012989995,90.46329988730697,93.08643235539407,2.322648409898177,22.0,34.53753826428964,1185,1,HIGH
23.379322314179,60.486030284131076,37.9244071620707,0.0257746573434304,20.413501382603414,22.89116405576037,207,0,LOW
88.07539824699093,78.53863716554606,121.34495511751138,3.4498550807504693,39.311078309057656,75.88472234924727,1094,2,CRITICAL
40.6734437984357,54.61452947807372,50.37546994559416,0.14923455751812384,33.13100203736818,5.1112865954559785,230,0,LOW
26.551977780253054,56.554216012713496,23.92220964093938,0.09707728410435584,32.21739340895966,4.787528548322537,67,0,LOW
17.681751298614778,41.81078192891212,47.15914551357725,0.13017251832351234,22.82811177926754,8.99604264265468,494,0,LOW
36.056006431079894,38.398245323452926,27.142422314485778,0.05220217165440233,25.584522828750533,8.327398091617958,428,0,LOW
21.89757893015766,42.07324169527428,34.88104463303669,0.07632778643411661,23.9430706927866,8.440692909304683,381,0,LOW
51.519145451797954,45.51706439434999,37.63972835234904,0.12681218127385718,22.89873393745094,12.081264387564582,485,0,LOW
41.13996609653033,50.458056119785105,35.55873350851507,0.1318244712659675,28.79130903457628,11.081316188586557,198,0,LOW
37.65786860824205,48.86585409611793,36.04808077775021,0.25080549177035855,24.933320623430212,10.476439550173733,69,0,LOW
48.13512286307788,54.14298082596633,28.508977417414528,0.0794768782990844,31.788981098972457,11.85508216222885,319,0,LOW
29.443341723772477,52.93656647793715,28.34485682955301,0.1383914390523199,22.13590964161455,10.772874661912264,92,0,LOW
89.53641237701352,89.59810701688002,121.14978532483738,5.8606031758057675,39.01828379718494,80.94445431761497,1151,2,CRITICAL
75.47032581413633,63.979936723570354,65.0,1.8349177396202512,27.953266031569203,30.94669241218287,590,1,HIGH
36.70461425011533,49.2319296178279,53.32442798368797,0.11412960877360864,22.45303373112951,10.92368185180387,199,0,LOW
23.89849651744662,46.06352870805033,47.99394828320686,0.12314682326845197,26.173206485028878,7.150004916156519,168,0,LOW
46.72562635143362,60.202221202647465,36.743719833319815,0.19594006477391307,26.744501742057956,5.522158657780005,123,0,LOW
45.83808988170057,55.35526538399592,53.42261230145931,0.08137883846286473,24.276064359857376,15.925809800469535,355,0,LOW
101.38478467182112,90.3565836022271,102.61370297336788,3.9531385554158143,35.39509238441618,57.26575765216452,1994,2,CRITICAL
30.761078822559092,27.294581422895973,45.25920499166308,0.08687055558071509,27.258309315425535,12.863844431579926,191,0,LOW
32.73188164282507,45.582665712645635,21.650476741893005,0.12438456896429091,24.521061727966188,14.703177550750649,402,0,LOW
39.409622227771585,70.0,39.32367502535977,0.12908767331962592,24.740585502235646,8.154831951690289,88,0,LOW
30.12489442858594,40.183509453904186,39.0454176546224,0.124825167332868,27.27227777007364,8.631227414112093,11,0,LOW
24.384468082092454,44.498932421159466,37.50054979526792,0.10180363888141158,30.547166031921716,12.973445068577634,317,0,LOW
41.07991689707672,49.23028994515032,36.03223001708228,0.014330740241807027,26.220019033758568,14.532386641885072,492,0,LOW
60.0,76.54931380426284,65.0,1.7869702896896265,29.394430631456995,47.04133691827559,1016,1,HIGH
38.988376643155114,55.15391195951403,27.790222611699104,0.019125505466469073,25.072246874315642,9.971000236282649,24,0,LOW
