moisture_raw,moisture_pct,humidity_pct,pressure_bar,flow_rate_lpm,pressure_drop_bar,vibration_hz,sound_db,label,risk_level
147.30047153763348,21.640839929293193,43.94864960132311,2.987807426996675,26.566082276085172,0.03253479715846643,38.59811757523104,38.2810495161376,0,LOW
753.5688705805222,94.71068991317932,98.0,1.2674522858801105,68.21612267556719,0.7669692099057038,79.91777863701026,74.38913717704361,2,CRITICAL
175.86827705151745,30.879021483533926,34.99454570540942,3.0431866716976437,25.484563997775464,0.04332872850629983,56.46500427334337,42.43584043694485,0,LOW
235.56145514924035,24.977536669597526,24.16777366125876,3.510126830598766,32.37394668997282,0.0322284319836636,45.49469067334654,46.99961244541352,0,LOW
172.204374238069,25.062296849274652,37.10130346771692,3.513361364111051,28.53677197900855,0.05434084759827411,61.24180432051517,40.084071304003594,0,LOW
137.7666409313584,16.18099989483821,46.86768897927158,3.631041489864621,29.541543128113116,0.05623787737406724,44.69774786241032,40.68805992540171,0,LOW
158.38157886759242,20.088592621572083,33.36856791094701,3.861235027500422,22.42798261915656,0.05641448859399746,44.863803200083275,40.14777381732473,0,LOW
120.49445261770238,11.545063242036294,35.57951525881095,3.577911071449936,24.93580330413287,0.05142840581159362,43.23029885083043,43.51469527277864,0,LOW
463.1592415412766,45.0,81.01991009800953,2.812791717740707,31.78504927730621,0.5017369776319731,58.27414452463731,52.50732856632852,1,HIGH
196.62756815332335,13.280555619659506,45.00444238902786,3.5564452975742906,22.427433137366396,0.07098018209231012,46.55532649939385,44.685758306155364,0,LOW
180.28661974540154,15.115803813230194,31.052310460633905,3.2219856242458635,28.42732851192315,0.07227366051023909,39.364551121802386,41.48129661614154,0,LOW
198.50299639386841,22.525210960322553,45.752645110573134,3.4058953731570267,15.266391724476115,0.02971366161933972,36.18764083178803,40.888513666185695,0,LOW
139.5751788126059,20.0323940352363,36.760944050336384,3.4910726956279152,34.470473348781354,0.036026558950355954,39.797559911065704,53.02933855172208,0,LOW
153.2335004172238,16.990141828599622,48.105569082959114,2.9520668933804606,24.816286318222254,0.07422008067402282,40.568438555437574,39.73718798481396,0,LOW
157.25002195565128,16.05805287572136,47.940099861323304,3.495006620025577,29.684224489928894,0.06076286308408137,56.09878812424324,47.79651182380978,0,LOW
183.8740272496005,15.792797114126282,24.341314735141392,3.459503351117598,22.429176239982883,0.05325442718626018,51.911579656518306,48.648981036464576,0,LOW
876.4171816563401,83.27158424512139,88.24952511802013,1.2030572479548038,64.95457168631404,1.0409729643084242,98.72034449743947,79.2034505635914,2,CRITICAL
818.7443691556813,93.92842545984857,84.86226220266387,1.7166417748789022,64.32064530575282,0.7307577890818251,70.51577469483036,80.23902343860198,2,CRITICAL
148.92022310644998,24.766280787913615,35.27452853024435,3.370545152592672,18.65950852330084,0.049790211528217894,45.44350174673144,36.41341801512192,0,LOW
257.5060469497615,17.041979740468346,32.42931426646085,3.8471442357295884,26.686760856949807,0.05933137334671118,41.509873081935055,41.20800733695838,0,LOW
165.49658194168273,20.423189765126025,36.15145696534291,3.4257611908556225,26.02999990346878,0.07182207005991842,35.69899229491041,36.35686906275288,0,LOW
214.6398878028312,15.95201415649469,52.213483688661036,3.3829982812569805,20.433144822011325,0.04938501524283026,51.0034871865796,40.05276222201411,0,LOW
1023.0,98.77435518541832,95.80131532218572,1.9620356663515388,76.25322815550633,0.7269022538416716,103.38662235154654,76.7352398544979,2,CRITICAL
201.35744918580693,22.413871609096898,65.0,3.4635230466233273,24.799616045609085,0.0288937234193384,38.2184373306609,38.20012119674535,0,LOW
137.56820757148367,22.673959993890186,41.7971802397969,3.8481727112514386,22.573589901146967,0.03990402435853605,44.50491621346736,44.51191044592995,0,LOW
259.1529229430036,26.036648734688285,41.92222240063314,3.238070358797353,23.466107510703907,0.08399220742640735,43.50674811339229,48.911053153524364,0,LOW
894.720546074221,84.54898472964642,89.59251107715781,1.5307479565957858,52.51226581916815,0.6785120612581842,96.42575175926955,67.57766464637012,2,CRITICAL
175.54503935537937,14.892049310575858,29.456194677181344,3.392178266896521,23.293242666318857,0.06321636991016945,42.34474193427175,46.381810034705225,0,LOW
206.8371618969412,20.51377011039067,33.65541505300783,3.282985971984881,21.412694687461318,0.05254946393159049,57.174203134556095,42.38906444638779,0,LOW
189.47123696536585,15.650502756541721,35.576123194560495,4.141783269570762,25.641226959963056,0.0341202923519732,31.04504246848108,46.49331714964638,0,LOW
545.1896810741379,72.4589304744192,78.8248538718101,2.387738483439157,34.25313163662898,0.42537747596287956,50.0,57.04203164415821,1,HIGH
214.56622747323422,19.280894234657403,38.91346235985668,3.7083633542010666,27.225788333733902,0.08042323652312211,46.66398426601947,41.505956327318856,0,LOW
156.23143787111889,15.834263418600141,59.63509574036867,3.202044454896493,16.695688716646632,0.06069282765095059,33.435632044206265,39.27837408186352,0,LOW
188.40187768976634,24.13515737117824,57.37505078870876,3.288842759425244,29.721405200170956,0.03199950424192476,43.89158810978779,31.84562856366518,0,LOW
621.0065605759942,58.191585794378085,60.0,2.78927280788128,28.0,0.4789737304269338,67.5150869751289,56.17075920216492,1,HIGH
728.2909564754736,57.98200837717779,79.21386710691256,2.8788052998874334,38.55549156408408,0.4053133697824011,69.37455444100667,62.642503418864166,1,HIGH
213.73886621565504,27.365805627801684,41.01969469499514,3.3602705469815666,21.267295317477576,0.08076422810920132,45.404765765370755,39.55448174638117,0,LOW
154.8977308732525,26.185212536131885,35.56982556799898,3.7524985525673937,24.93273781986889,0.0934588149572319,42.577619177768966,40.78520790677759,0,LOW
172.80704148131227,24.767627844942528,59.414316232589655,3.4143112298046976,25.871685086355527,0.0352328279875978,55.448768697547045,47.19686861472867,0,LOW
178.14593399967853,14.6600902782843,37.6311657693096,3.526261602423421,24.64543210478226,0.08204169793482173,59.43039267260303,37.33395213090782,0,LOW
216.28560918379708,19.011129412739585,41.97825458166143,3.251448192743994,19.615521628366377,0.027792880452741177,30.66925638631019,49.848278226981165,0,LOW
182.84656503358846,20.730115380731686,50.53673044660485,3.305073901439398,25.82830521102853,0.05789562520315267,36.18029945543748,37.99434339064085,0,LOW
182.71280135505285,25.227656453369917,53.76081141641507,3.405721611961317,22.37789270978543,0.0244537432827674,39.22575886617544,41.019982284001856,0,LOW
238.6031785223849,12.102816411997683,43.408233209424985,3.2259197078735715,26.31044185641754,0.01349011556561238,44.001369898874714,35.8379079463042,0,LOW
134.32197177213874,13.913014839762486,44.10208452147933,3.7782391572267366,27.117092342990382,0.0677381799373508,50.07263855457449,35.8011780822758,0,LOW
207.42965447049798,13.097616748808477,52.90887346135738,3.131558113550648,33.305842017519396,0.08192179999865415,55.69327160262782,44.67148463974924,0,LOW
163.6017427556019,17.443150297730437,32.29383046491446,3.3417463751580647,27.506219388784963,0.05770769718851902,46.07508432544949,44.465837857599574,0,LOW
193.08691438928207,19.667780666879054,34.80368942744971,3.474597308590309,25.289465186706195,0.05496422419404844,42.52081145989546,42.029919255070496,0,LOW
175.17887714260286,13.632519949770156,39.63408192698162,3.296059052945587,25.61684625851495,0.02858512634341056,59.067076130976375,48.47613453075529,0,LOW
172.766048745615,8.49871689112239,34.46649216789085,3.492802788318282,33.212611703982894,0.033214557776757,42.090669378448254,36.15835804828405,0,LOW
183.1049950944152,24.23126653577183,45.090522696758995,3.5299172161474077,28.08286769658319,0.09183246316204792,33.77597664652872,30.420369297672394,0,LOW
164.13460624224277,20.348606435647163,51.987036558428144,3.358765609547158,26.556371539548383,0.047741605899524954,50.20641894655397,43.99203340239227,0,LOW
208.3905814572667,26.75592092530764,34.461645263734326,4.327541482808933,27.32899176164739,0.030960218288652815,38.865963316402265,43.05876739387491,0,LOW
174.48727283421724,8.811725417668882,38.217014616924516,3.934236938490852,28.713162871741854,0.03587028115875374,45.37442363926225,53.187905661862914,0,LOW
218.2218925698971,21.287917188483465,34.60125907579115,3.544413532467716,24.81094178270402,0.04783297630172203,43.119455946019016,41.093016865818264,0,LOW
159.13347177089472,19.7499435565867,22.017149774932015,3.2976262590194945,17.189106198996388,0.0711995784484753,41.15374493374208,42.44514797893922,0,LOW
124.37202802413138,23.1986047514269,33.68337830245625,3.582225745543457,24.940839494848284,0.06765233891930601,51.211976998076246,43.14977814718602,0,LOW
216.00094709918963,18.98927234384427,46.610825450155325,3.8125206250731,24.54239788461836,0.048586871166870535,49.783091013181334,45.190905995849846,0,LOW
191.72841096464393,21.418493440597484,31.56592900199333,2.8,28.614270993215438,0.07304604193071099,44.63788074254094,39.67232177070297,0,LOW
236.7440843208279,22.27223696553421,38.25493865652431,4.228150058351332,22.277858778474208,0.07709548896579063,50.188513208144926,41.14728598943866,0,LOW
201.60157281064306,15.376405383736117,29.810014067826398,3.6167867295000233,23.967867419305158,0.048436936407325784,46.73680496006527,54.80575136897923,0,LOW
574.6884064944004,65.34755779820546,80.16705623228945,3.175005310290969,39.17894280994162,0.3227504150873388,70.27455871479785,58.92555972327551,1,HIGH
232.55724271981452,18.030859301742765,32.21392096547515,3.228654547286563,27.99166891553044,0.08550130700502973,46.83268450391481,32.86393060715453,0,LOW
193.5231426695282,13.730474375851228,50.764051070501054,3.367462452415768,24.71582201032146,0.06154233034197134,50.34001303829804,55.0,0,LOW
216.54325298890458,24.23252557694728,35.58309829611728,3.91250948876068,30.974179130590922,0.03997373662220299,40.71203997372223,47.345846901589475,0,LOW
197.86397170913517,12.550377729709563,47.523011250367446,4.1596459249962185,33.18282895981662,0.08189087855176615,41.085002491250314,46.545951168897666,0,LOW
166.44300351486896,22.945840520688158,40.28771761707144,3.785388526447284,22.517359294538903,0.03872868786698598,47.209623710899315,48.77339336185075,0,LOW
175.7033177034447,20.241930941162355,39.438948495343766,4.162522830735189,25.737290654784502,0.04473034509279171,26.48621508837997,40.799011032848014,0,LOW
150.1933378699413,11.963947545930068,21.055725022939846,3.41565238314819,22.431268619230583,0.01993393464430231,48.32494345212084,36.15480075378152,0,LOW
682.2309720794782,71.23608059600622,76.01203273266188,2.917923949136386,47.33470158270238,0.269362813767158,52.26550333643982,51.53344030259444,1,HIGH
636.5561272691772,57.82843459167688,77.177807534361,3.0877583964356803,31.8472268501271,0.34975475982860765,70.17052789722516,51.49928676543105,1,HIGH
131.44531889625588,8.908085965828263,21.96797057838959,3.488043885490159,31.052742804323803,0.04005792409213678,46.968392746260136,39.61239592014242,0,LOW
497.19074835872533,53.086177942139145,78.11322628499063,3.2,47.90922617749577,0.3704839310610519,72.72722340693176,59.365098976992584,1,HIGH
445.0776473774921,45.0,76.5818500542242,2.3946707594402654,42.94925940990687,0.3790875370122326,64.79337431669813,61.3165169350885,1,HIGH
180.20208998035625,22.526491745680296,41.236096263923294,3.548362961496271,28.146648937366955,1.998704407118329e-05,50.85203840967272,44.993062524425746,0,LOW
159.37410988382777,19.175040430767044,55.89856124058369,4.313615827242221,31.439769692262605,0.07888074914401604,43.390846378222285,38.493582585208195,0,LOW
193.1072715523214,19.016139980625773,46.95603011302031,4.092302887144628,22.00105956951112,0.035539677797484334,46.72775530699487,49.57857549872861,0,LOW
155.5330557369211,18.21616387373437,42.0505273023731,3.3061073991480034,24.62077649669233,0.008540133953557877,50.83338253392081,44.99765659609742,0,LOW
186.58036839869973,20.589768134903704,44.08099574428796,3.158255610163707,29.24568746142817,0.064109862180168,41.03462649053738,48.452384377669546,0,LOW
177.5040130524579,18.209538760244598,65.0,3.3759630962486415,30.54167985331006,0.054773162552985595,41.01413870715921,43.447746328336876,0,LOW
872.5218583864565,97.74526796840276,96.3193443168599,1.4426025628181756,61.614162406791074,0.6762606559641434,104.05060500886802,65.81441388394613,2,CRITICAL
497.6037024701567,50.83514248109134,83.85792878880203,3.190173512312214,39.38339733088964,0.2,55.71580517243068,56.77668523243899,1,HIGH
188.9905837595837,22.316000876531426,29.112847155108213,3.883539931772164,30.039583983765397,0.05519318515555028,40.1940084021594,31.105730268061418,0,LOW
175.1388631917558,22.039458337052306,52.92729194459936,3.565593388017727,28.827056205579087,0.04038605639586772,40.212836801623915,37.559773607862816,0,LOW
213.79975489740383,21.957899375351488,24.786255367936455,3.2713755274808136,23.83472693300107,0.051930820442170886,47.37157023527226,54.1112955416373,0,LOW
170.11798458680968,16.509880504206414,49.12813866781787,3.2043462104262357,22.725164686890935,0.05323820524396601,36.86055563854493,37.03410973629837,0,LOW
173.14827829894955,21.524210725520046,26.59980481843253,3.15833885217222,26.75870275345107,0.05223902369293596,29.106222068739687,40.785480590583255,0,LOW
499.2361966223644,59.79770231178139,77.79625465298868,2.7426023664501993,30.472682853004294,0.389782763112208,62.90610719972255,60.83231301381645,1,HIGH
178.578317668708,17.003485504698876,37.35169905857471,3.7592151089824783,25.88091663204568,0.014230525605401854,43.48681473456955,32.23986383864617,0,LOW
197.59080712426237,23.651698774171592,42.28035590762308,3.7136490376244558,25.688147584257145,0.0855637641088417,39.51453562943772,37.01528536844144,0,LOW
150.9838632229002,15.013847953830314,49.56397855591319,3.658626197620707,20.860939284368378,0.02078622376704073,55.65653993964709,36.55332626398594,0,LOW
558.5384530702902,47.27448893020195,84.04674600013928,2.6436865545739443,29.331141311853347,0.41466835349381603,73.95145731590897,60.09881077007589,1,HIGH
159.4326865592001,27.25437323208484,32.83636652578894,3.6766092259336656,27.327136408881515,0.07201728346626116,37.46216052524597,41.15663193926256,0,LOW
260.27576162393814,14.782849845363582,41.11319055456099,3.543351981906542,25.500762293919617,0.048887791975462405,52.52108109358033,48.39249388238899,0,LOW
169.39537907819408,15.639209915431763,27.482982262661046,3.3953356499565843,20.53305921517716,0.06941118288418273,42.320879081241515,43.04250925995718,0,LOW
210.70550882628788,6.6640723778764865,53.49848266592647,3.705368257588903,24.663170993088272,0.044963026497900634,55.19878691723474,36.315007633184884,0,LOW
867.4821834233052,96.76281309999031,92.07809438154425,1.0427631467675968,50.0,1.0468097726141856,96.61556677563696,67.31756282051417,2,CRITICAL
209.94918433593963,17.475219665463868,39.71388581817186,3.1238112199377914,20.017278850145615,0.06163778791990765,55.11404522666233,30.0,0,LOW
196.20941641412853,6.759988089259156,34.15272254784621,3.5937175028048594,30.12327920537092,0.03906618668399428,37.09056573534492,49.57763711875858,0,LOW
183.37332220815267,17.82503351943193,49.6159404785194,3.3909770514559874,28.532395636496606,0.03722983173557543,47.36709772922438,49.68212565609733,0,LOW
840.678419151731,85.24112102786758,85.72548480840103,1.9537385691645286,72.58857988608737,0.9331628866405888,103.85062922244983,77.15956253011099,2,CRITICAL
155.9909328904024,18.064433677282185,51.99220376569379,3.731261043218596,26.165041766866697,0.05989998208013875,53.09523053480265,45.202534054239365,0,LOW
843.483330483144,89.66225151223604,86.72107602369373,1.8438474006522958,58.848324647861666,0.984451435038532,93.40983290075204,67.76218758745765,2,CRITICAL
179.68835622191932,15.09565610303402,37.099302845093284,3.162223657846507,25.846384922188342,0.05194455143440526,46.209601857541216,39.87234396988894,0,LOW
181.23829281368992,12.048799707917704,34.473029217334485,3.826450715471267,23.425192086832197,0.03715738231020705,41.458458472379185,39.76272376405347,0,LOW
207.01322949201125,16.21351628983223,40.983660775505115,3.955756581957094,18.065155933643286,0.024845833495887225,31.689818563467398,41.30861537735901,0,LOW
134.33308035113896,13.51089687480711,28.271923809822404,3.210776640036138,23.485373329082698,0.05564829704250411,48.41114056450461,41.48681166162244,0,LOW
783.8777923453126,87.16135915550306,93.73985330044258,2.005734946533062,61.47318505404156,0.8744351107138276,70.0,79.17778729428001,2,CRITICAL
171.91699748850186,21.09439199243307,37.34035373683153,3.3020261156849307,32.91488471345443,0.03898858719532495,48.95194315257004,48.05073947715535,0,LOW
188.10961727275676,15.057336425088781,49.44019127808797,3.4321134087438194,27.655231625358244,0.06981450741971529,43.07895124689777,43.75692140683158,0,LOW
168.34934324301784,20.13748240213588,42.24102674479434,3.5070966660382648,18.788767611960303,0.05470407016612541,46.592069202172674,39.01044507802547,0,LOW
198.4806974722877,12.437568688009147,40.071173624799606,3.3791815129252556,19.596284646582493,0.061072536795603184,41.19841510633024,33.029741966733816,0,LOW
153.16552647496587,26.314096862040458,28.49566027457926,3.3395428547095456,26.32334810554532,0.05080461197827113,49.97231204807325,48.31538089971703,0,LOW
183.00641660830067,8.763788374077242,47.56750899871338,3.398929622290152,15.091657383772992,0.03949248345756663,53.529107308973096,41.98270497778723,0,LOW
168.00103189812026,18.32736784930657,34.55338581071022,3.262927075043467,23.248172413992833,0.044721751711149775,33.472370157909225,40.50274282211628,0,LOW
400.0,57.47704399281689,60.0,2.6872511000147132,39.58903198030229,0.28232094793198925,61.12199679513943,63.127243092331796,1,HIGH
139.31968892843602,15.757702205545675,37.724890556275795,3.7027212523565827,20.11374561439746,0.028085533114641036,42.8187870925252,35.593132678474014,0,LOW
124.34989452997266,12.842690057621647,50.2027345039272,3.003706161671209,26.76700281771123,0.03731924313435991,36.70410830295217,36.191625496345516,0,LOW
946.9366020386288,86.58344112040584,90.32130040552973,1.95181264604816,51.54836293595371,1.055770206184692,91.40644651148973,83.00907977986765,2,CRITICAL
166.40439390713232,19.833243032493044,42.80495704176307,2.986896510054478,24.014972483950505,0.09960426454238885,35.36127051526783,37.907292656482475,0,LOW
183.63792801972116,19.628480461132188,50.36781036867784,3.0807498704382645,27.447604208435617,0.051183685679881484,47.25202653995354,43.73052392142632,0,LOW
962.403441995084,84.28697910995703,93.68675543493282,2.2,78.33117671660318,0.8023226287412233,87.58779200651048,84.11688393739436,2,CRITICAL
180.8867382956797,23.74692521013644,33.537568340723936,3.7432033703610172,23.35295430904118,0.06756120303780118,33.94682820081539,47.508993424428056,0,LOW
157.98107523675975,20.641396554019074,51.39081469687343,3.205682281761734,24.33331780016568,0.025958523135688936,41.78915677355624,47.116924912346896,0,LOW
146.24165630916553,20.617163465435425,25.151531802066387,3.153645067579029,25.15878839419239,0.015004781662046551,36.51610970788791,44.19885611698923,0,LOW
194.81887942873857,9.784902146819881,51.768828407610144,2.8,24.514548828729787,0.050394187685830386,36.032797792238206,39.69252496241228,0,LOW
143.61659980803032,15.881090557437751,41.68194435463586,3.4496438348944123,20.541529053438552,0.0698120208182456,50.65920215008724,43.312588535748326,0,LOW
559.4575034429402,62.413872418031026,88.96049031027108,2.6409769581870957,38.69205954929477,0.3137913198464986,59.27439867581006,61.6572262808383,1,HIGH
224.58151996613424,12.569191920872516,50.61578172774624,3.4660215076891756,24.239878634958615,0.03221831574314662,51.72760830591086,40.578734660902406,0,LOW
173.1835400245144,31.730666909650008,37.36300744771191,3.995619504096708,22.548839462830895,0.05211280588529632,45.11619522359303,44.53218538450069,0,LOW
721.650020701095,89.6878398495948,95.74989250149919,1.2113183659310651,62.60029187170514,0.8416053459522218,89.01055369977665,86.51104821692647,2,CRITICAL
180.34722351098597,23.88098145130377,28.618110134049118,3.8054630843132435,20.129598015387884,0.035173248150385375,37.09723697984134,41.93024967462536,0,LOW
212.6122250365044,23.48367183104894,31.029729574480026,3.2017129423379234,19.271065822683987,0.0284995810058758,43.76686080065485,46.95004481883942,0,LOW
179.46637114649565,8.884286339538736,28.651794880686104,4.197561276595503,33.424617348851896,0.07591390857323321,44.188338931279354,41.43369798230987,0,LOW
880.0058182996188,84.88884227662797,84.61724134374342,1.2312884419480317,56.10166718611064,0.6419585381872064,100.37667888944799,81.47610216304285,2,CRITICAL
185.0855777603937,11.073175896915973,28.859341397668995,3.7000026497635687,20.644023842818907,0.07332249895493492,62.778708663322035,46.73351277818695,0,LOW
193.53034828065884,16.808579762207525,36.16818324762656,3.7149484661651457,28.515974137847476,0.04122404697086818,49.628498048985826,47.98920079347664,0,LOW
169.30504683241543,15.31523730416638,58.56733330296181,3.1925236306273352,22.224104873246013,0.07557680767370917,39.21802732084544,41.726158323318955,0,LOW
477.3004436450724,60.88392190372583,80.88873076484562,2.5507712480996627,40.01907393116071,0.32801871734128785,54.880894134050564,48.0,1,HIGH
578.887512603498,61.14834436992664,68.27076876928872,2.954385255449912,33.356376740077756,0.24044130093995417,54.55063274610812,60.960907529014925,1,HIGH
173.10434440146275,14.887675688410607,27.719387049244148,3.1888454328134745,30.794502953027802,0.052088545961506263,29.924937095380574,43.27312348240542,0,LOW
168.39206646394126,14.397002706878952,58.242237943004056,3.3115000113832007,27.323394342019355,0.07162892062257564,39.96946218141251,49.52801594777906,0,LOW
125.5591452495074,12.792481825266165,34.696250409467396,4.031357712704895,23.381645578545164,0.024604331508941722,36.11339581553595,52.13243809641773,0,LOW
188.57229844457717,19.474398299607877,49.66674056159587,4.007003914225469,20.682359498793467,0.046118275394314796,52.08382199487737,48.18391965179394,0,LOW
180.8771783132597,16.94642504854209,44.843032180722616,3.147266373571257,23.36188956856164,0.04679824248269608,42.6738036077648,37.323996968708556,0,LOW
213.85174218120287,25.161989268299862,25.230565896855172,3.595535014579169,23.857243477957848,0.035341415078702185,37.69369686194307,32.73602798415165,0,LOW
885.4662099970407,86.37288462526392,95.93910267255912,1.3889535447474999,70.48056937372493,0.8398815014872545,77.7255984591682,67.79810885450105,2,CRITICAL
169.06007714306085,14.358374958145173,39.57370916898375,3.385032299230093,25.59537361105292,0.04050031008811654,51.85670464860926,45.6665912236493,0,LOW
792.5516170847399,96.23018088523273,92.76341155223913,2.2,85.46877753632185,0.8852467147116263,96.11959617733388,79.26985013995548,2,CRITICAL
766.3987485079479,88.50326510177038,91.2359262619349,1.5821349497106678,64.68848648712427,0.8033951529407293,104.3032379198961,77.60801677520506,2,CRITICAL
827.0110399753106,95.98134195966752,92.50771404844063,1.7084192911105498,75.3000232891794,0.6591242330510347,76.47186518110804,83.7941129546737,2,CRITICAL
205.3170778142008,19.952091227992693,44.09121710458546,3.8297077435401725,27.815841739671583,0.06379923619128629,41.18721844420739,40.43217379581009,0,LOW
141.6086091502154,22.92971186365115,59.65886620136949,3.551894389689756,18.937464305555633,0.042811223367553046,39.37914631841435,49.356076431974,0,LOW
516.5129515176192,66.11073625073537,75.69561522411634,2.8858296854370336,43.01474730396433,0.4600994528424296,55.59677641905877,48.0,1,HIGH
134.07989398976963,10.239548688358926,27.73034776171837,3.4435259582960165,21.054900481943108,0.0291873601890494,47.51150175490752,32.46283577257778,0,LOW
179.15243044183865,16.738306604012664,47.6525012315165,3.1192414058310267,23.977166401118453,0.05984421506010054,46.319274184968954,41.62999361850802,0,LOW
210.35938723276823,15.504920395676766,42.53870849393909,3.47577389832785,32.71942643472223,0.03853070907483923,37.278556899599884,41.53388738092031,0,LOW
827.0864036578041,85.9128038535413,82.8379955281936,1.4422975065066208,51.07070481052353,0.8121122849490688,93.01934793038163,70.37232346758334,2,CRITICAL
208.10164153646227,19.108851197425135,39.40502605397492,3.712170751898723,20.169847139841593,0.02018277747510018,37.537448593226735,38.553631731321076,0,LOW
149.7406921920976,18.885596589099706,42.50753761448219,3.768114724179459,32.33385639822234,0.08309092200180394,43.59011970687286,42.79155141249549,0,LOW
207.48658477214576,25.434863807219518,34.24303093722445,3.54251461027235,23.19416612926934,0.04274643426329136,44.14553758731785,42.860845274446305,0,LOW
177.91704037662464,13.308496924413753,26.556079780374244,3.251114234485409,23.231219787794032,0.03932019919641548,45.659291376709234,47.26991602724857,0,LOW
241.87065153922427,21.6881446869481,49.88018214729225,3.3542043322598545,27.432508547736905,0.05223193255641724,42.44037358706654,35.46707817957083,0,LOW
141.98620170824472,16.45210814841723,41.84158808495085,3.2618577048789574,24.733362936958542,0.06325345294005238,41.938581526617924,47.76051143929632,0,LOW
185.13224347572793,18.795638155457432,35.21575625909098,3.2816848546212496,21.904319409363318,0.08288120076351704,38.453374240122464,45.74227245271174,0,LOW
170.0345970770239,16.62535451079356,20.034342010760653,3.2414250956181574,24.80020316046915,0.03599155266063386,44.853510619329725,47.07015319353757,0,LOW
159.13115898261947,20.24363677933952,35.85198591613306,3.189236587907794,27.153295266901925,0.05793751960921063,49.5399218925983,47.319934315323124,0,LOW
173.54550056246703,18.634872960991263,46.8709495718699,3.66450524957936,26.414790933325797,0.07275087884002454,53.10312995642735,53.39757240187851,0,LOW
877.7356781934816,87.28008518815027,84.87604899867685,1.1811810812422976,67.18879100573885,0.7177862597968749,102.98138394696522,82.815025757073,2,CRITICAL
161.80293748212506,16.914921658948717,38.03733437781012,3.4978081139082158,21.29269408149613,0.061796675919636175,49.88608079958852,38.06924647524744,0,LOW
184.57514025656056,7.894483150777509,34.406372428201074,3.53533097121431,23.68072616809149,0.010373576810621198,37.91277514524026,43.771927271726746,0,LOW
771.2942484630111,91.17045334052794,88.0383925731262,2.08604859767362,58.878503026382276,0.9413485506887648,82.05760239968915,85.81792403154566,2,CRITICAL
230.03662230508704,23.082505369659163,53.81314978141113,3.952503005632603,25.567838341496955,0.06946641117409127,46.313616019385414,49.09521622694331,0,LOW
169.56197282951786,11.890503600517318,34.1600398386113,2.8,23.847364842426792,0.03916979129738103,34.358710561103166,46.26776142879146,0,LOW
197.28966947385408,13.290195533117412,36.605115294515485,3.770583612822289,26.954803394531204,0.042510642672580166,50.66272599293913,40.17666695042922,0,LOW
185.19454590698854,20.291543212175874,36.33057002295783,3.549189336793016,29.894814795832094,0.030121721430248292,40.658675621930676,48.11523818502277,0,LOW
155.43717927854289,13.945752477549807,58.57199969341967,3.165995827827919,35.0,0.057107407327156974,42.48885166906748,39.57794962982096,0,LOW
182.38886060075168,19.56613095390467,43.5517987228628,3.303113465499048,26.193922243643694,0.04085999034387118,48.794751887848754,45.72460443008545,0,LOW
150.13920809685294,11.71804044991817,46.899790856861244,3.491391290174858,24.66626077552057,0.05633771359976801,51.34320736321461,35.7412965704524,0,LOW
172.22248192684438,13.119516541095654,40.63267245549578,3.3316971430410196,28.19516065916854,0.03752618213772507,51.05598673660159,41.08047659266072,0,LOW
145.05756312101948,19.679612929065662,48.90882321885295,3.2853031487969453,28.510314502012243,0.0454607152496126,50.62140405846233,37.14983211624182,0,LOW
149.09692397599343,24.597180854267485,28.848476295469712,3.367148819999251,17.087824181262924,0.048905786103289044,47.30993290337625,42.82559831438626,0,LOW
124.17485519729917,12.922285445332122,62.92957362626195,3.9738720727646433,21.31471926101602,0.02836296244778492,53.32471417008443,44.1232466942216,0,LOW
193.7366842881226,10.464990990668309,42.03744341801349,3.7933940874993173,20.613619400603184,0.04365660699622062,45.26217453378918,41.30650846026555,0,LOW
897.5161340143119,88.04935649645607,90.51932741913532,2.2,50.0,0.6926067701861264,90.5729696600505,88.33801146659596,2,CRITICAL
184.7374963811278,22.030386462027717,25.7091033324931,3.3512648282203292,17.85173051426121,0.05700466799454856,32.61239831482349,39.529177038082615,0,LOW
153.24303998906774,22.390687480777828,49.160264214852745,4.2399606314796205,24.182035703418883,0.04631929511723289,49.37979006710603,42.50372122184186,0,LOW
168.9372516751286,16.982014896726053,36.23141764904302,3.057688785429042,26.219549347741054,0.021333078281082163,58.89133369317889,36.68678997345453,0,LOW
141.7244349938063,5.407743288208701,52.42310779900813,3.4322813194110324,27.869784466629625,0.02469457903454957,36.73023061702149,49.666844611592296,0,LOW
179.32152055998253,23.355971832653214,41.20402982121191,3.1821202708536878,25.71679272602963,0.030042549630297326,27.80697673927536,43.44667717616244,0,LOW
164.99669115414318,21.47685858379462,38.15120219728674,3.305708711244473,20.29043228455974,0.08621469817585105,45.08351910136602,41.66691948732729,0,LOW
191.07432895381453,17.114601191800418,51.6871718599243,3.078683934952938,24.226989928204876,0.082543027182999,55.27345197434526,37.70318994855076,0,LOW
204.38317567210012,11.72409441280941,31.498394541254925,3.0541939108113483,30.87131342548437,0.0639448326080899,44.688673634453934,40.17365971799002,0,LOW
166.26404381005312,21.09278393235592,47.28445188895801,3.466276471591022,29.431002983266723,0.06409632180024614,39.77083352322866,43.733608366062754,0,LOW
137.43873275403683,18.9672682014723,44.701132861942604,3.5205480887786806,23.853324908110693,0.05428751554549707,38.0692691902286,41.40720462171116,0,LOW
198.51117598876272,24.758321221498132,37.21639311688562,3.382005200946936,22.83435927373956,0.05057067557306434,57.60096987579985,45.49500752734744,0,LOW
150.3544227962409,13.005878300892117,45.27760548612112,3.3713433473820014,22.26486354099817,0.058199811174127994,34.371880900569955,40.848339704451845,0,LOW
188.52478058492522,18.642711604808717,36.28598909383187,3.5880858350335654,25.848121658575057,0.06505466371015163,46.07649842773937,46.265957066470904,0,LOW
183.7889739010122,17.647762378926632,42.27510812434541,3.2834942924323984,32.13339618079606,0.016178753054609224,51.41165726022395,54.057382744603785,0,LOW
162.8831591367661,9.487060391050449,50.41727176197296,3.6172180300472663,26.80782403506305,0.07064178841807248,43.52571468310172,55.0,0,LOW
156.91530410681972,16.449809804330133,39.818694410823205,3.461834162476389,26.944315941266126,0.0565967379555482,32.010020686542205,34.02195937638236,0,LOW
160.7827094514419,34.57558073948581,33.20872107274777,3.538871876108744,22.986583674870392,0.05457858528293981,62.51156652262593,41.16782608710859,0,LOW
147.7101391004053,7.883698134291468,52.23841958825594,3.013348612990834,24.76147511054355,0.07780043755846061,35.467805362847,39.93940129261013,0,LOW
178.61805575561152,28.61328290197319,21.863327240081983,3.5317849648343027,26.94505691479641,0.0572287302034114,49.78416751171148,43.81212154956049,0,LOW
149.07702035796146,6.711469372896914,38.95742693950706,3.4890566258058064,20.72274633008727,0.0426198130809271,50.54270074001411,49.053928011137266,0,LOW
188.59217202434775,20.299408730165606,42.90144365351762,3.804965324350735,26.084961945989253,0.02316597097028731,33.12228961922251,41.27902696243049,0,LOW
189.78962851954142,24.63844282543179,39.143031585800514,3.260447364810934,27.596013397491905,0.01268073607729378,49.32450359833464,47.74084513919005,0,LOW
204.862728799831,24.57041445390753,36.04624479732968,3.2093810326869248,23.191087546621535,0.027075514891593648,50.68930844558457,40.87272355319295,0,LOW
215.58577484250992,24.9776866259693,54.73343342357904,3.2529295659170465,23.49175640058442,0.04383828447590983,31.316215913080143,38.11553266052163,0,LOW
830.5079068087788,96.11891082433385,93.21763716247574,1.431766063281499,62.06016604576694,0.9894122871225226,70.0,88.40684866077636,2,CRITICAL
174.6546134492855,18.728626450419366,57.300534050947306,3.006100177956811,25.869099099233217,0.025165444967137657,49.046642528022744,39.18694553432418,0,LOW
192.78230737095075,17.77952729900031,36.82456956038146,3.551688532981255,24.386272500986415,0.057766009633984115,58.66950377714129,44.844248252293156,0,LOW
479.812159475582,49.44178673724282,79.51638654961195,2.4776097167524327,34.83608217982753,0.5552214379123502,69.5661274149458,62.4648381869637,1,HIGH
202.35152721589992,14.052803860029654,35.55022915684862,3.9099608763400475,30.250885505652917,0.059315115070768996,53.27149523598146,38.109921475475126,0,LOW
106.0010747831847,5.0,30.95674027956752,3.5329790327374,27.184159311812557,0.07967594142455843,47.33567341366395,42.6458838725328,0,LOW
175.99214317136227,22.36129378455205,55.33537809072248,3.578258772113665,20.38226514273019,0.0674354844167978,42.5875156841454,46.2994838698825,0,LOW
221.19969560053943,26.092164840337322,42.95944581188659,3.37130437672202,18.47821767429748,0.07025484785612784,38.360715697992795,43.42335077204823,0,LOW
208.30455554484723,12.982146242597906,30.85363759522009,3.441724234754736,23.196175924826978,0.055687748318271744,62.25252806812752,43.29102600002519,0,LOW
200.62066705746759,14.0438523435854,47.22111710675043,3.3665135010307434,25.270051177111128,0.057679102087189744,44.78682311548875,35.307448745425646,0,LOW
720.8383635078782,52.4479501988804,70.36598032133195,2.518020785223622,39.9687673094407,0.3338003144973611,61.94504414945427,53.58323480536176,1,HIGH
156.23922193740995,16.48520168957127,51.4572018780549,3.5088735419463126,25.50726870651379,0.05499991498800751,48.65775620012231,37.829505347821204,0,LOW
224.78626461194952,13.848781230788859,39.93700346346936,3.3469179693026376,24.464354738891736,0.05939666634768673,45.63655705776261,43.728974501037264,0,LOW
161.31423953543742,24.717995018422123,45.74883916658321,3.605895413862283,21.373032535052722,0.06119662750220919,44.18716342436342,40.8242219242755,0,LOW
999.938275965191,90.1288223416545,90.47135807820533,1.952242990714096,55.37820337623264,0.5,89.69654896403263,87.01433374205547,2,CRITICAL
119.23995735184411,18.115283087333474,35.806945163196495,3.0921152521666326,31.06101969374239,0.06770871699981215,48.77564218728064,55.0,0,LOW
252.55381084213062,20.676273572351384,40.33864724388952,3.5478991543747718,26.273300466830076,0.06360262095800658,29.43163143282673,31.831750933062047,0,LOW
179.08392272011656,17.45787002235542,40.20290398877047,3.4565038389763085,25.50966318272772,0.02376989521874778,40.395055104381036,40.974206521012356,0,LOW
191.86568087883637,13.957426495421613,35.02136882324197,3.1689614061401232,22.838135577499987,0.05225022565063873,48.876251579668946,31.003950890646486,0,LOW
163.94474578920034,22.094849684772832,28.118225473260438,3.390004111129115,27.466180514601003,0.09051623849545606,32.554675653839254,48.76081247453967,0,LOW
106.4550498847779,16.317306465736387,61.567152870381335,2.8667811202420848,22.677507048118137,0.0566920728064917,29.586251149933847,41.46404859319691,0,LOW
265.27019057828335,20.643716423585435,30.56676518973689,3.4009138469425397,25.8310263637414,0.04042748783861135,40.190242636962815,30.490764242397038,0,LOW
115.5967923650439,20.924389307123022,48.998949278032626,3.138885290620671,23.11761895826107,0.048886230114967094,44.09038991452705,39.369431641577236,0,LOW
817.1485041096003,84.47021406905166,85.15384024522916,1.6552805250604141,61.498101399780744,0.9972393946186797,79.08751689462426,92.08644197175902,2,CRITICAL
670.4465340995906,75.1732123093368,70.2901979981117,2.602941286960944,36.199770964511686,0.32416785271597226,56.63003744655185,53.437673955086204,1,HIGH
221.07929563094117,13.87007309845123,30.1358483695688,3.522417750517937,27.71954855907128,0.062138714390681096,53.86105191579734,42.09850473052647,0,LOW
204.1590949746454,18.453682613063975,36.605754780226285,3.8091007520228315,23.120690986201854,0.05389955053050071,60.115278374463344,44.83818527953122,0,LOW
567.117683147576,49.73808570290535,83.1156434411888,2.9006634903726716,43.851899158204965,0.3357321507717173,51.51306441574375,52.68066017823623,1,HIGH
159.6709492687203,20.683498433848115,42.55081462804962,3.3072957472710574,19.872802991621025,0.048695768336213016,44.33647081635879,40.98431442214592,0,LOW
168.05566044304095,12.224228899782387,65.0,3.4168974317276812,25.805342174214935,0.025648307505858683,44.89746274780163,37.96318431338315,0,LOW
561.8852846151779,61.90329694786563,80.350243190911,2.98851540363896,49.22549812854515,0.29253113096053623,64.6563375251552,51.41476987954183,1,HIGH
186.9202614472311,6.951887541153631,42.447622752827236,3.479011698063463,15.41574872845179,0.041963614672220956,49.01987640735931,38.367192037421916,0,LOW
574.8456067760136,54.465318882917735,76.31234758131977,2.481698047839355,38.12770376203089,0.4977143618973171,53.743633943245186,52.36180574614353,1,HIGH
235.43121920234748,5.0,38.29446878313936,3.22373087909172,21.966521440218692,0.03845594615481874,51.96896405927518,40.38885435536064,0,LOW
165.25122091180592,14.683944006092926,47.62059234493084,3.7342118282010226,25.165093785424485,0.07908338274223888,52.13541741192995,39.69110005676584,0,LOW
147.77048707770223,25.66228493326789,32.43732773671576,3.074195594125693,21.54308007931003,0.032533852866485934,41.490246793908696,39.74925324137679,0,LOW
236.5527050818496,13.341234671821354,46.48522688174308,3.214924389655854,24.840860750349496,0.05696926896277686,41.611693910826794,42.34952215483229,0,LOW
107.58761782254444,25.75201040597498,65.0,3.320968477740954,24.05115617261655,0.040715402200587364,41.659047733513155,42.95193747782693,0,LOW
146.10887262052253,15.561044019253888,46.37430953641483,3.492437852633189,24.32313237617257,0.028416458046625112,46.34225338343277,43.27630882357941,0,LOW
205.56949230765292,21.261261968189782,50.644231605519046,3.529582976266016,28.43397460195239,0.0787280646844628,39.788156684088,41.79335493930048,0,LOW
145.03857312389553,14.42557438846773,42.50061342616954,3.4183330066754785,25.509319389382636,0.04085821511864184,36.10008557242409,50.521427536405845,0,LOW
519.6917293768296,76.66786776839176,67.10048603515827,2.9438572138908,40.560595303120785,0.38329425154659585,69.19380708239873,55.50760938461154,1,HIGH
204.43132998547478,15.39998877606168,45.174662914778956,3.0230960453056763,31.51052748140407,0.04413742136467776,46.81814080905241,50.42666859946554,0,LOW
218.6678141287746,22.14103474160602,41.84165325215529,3.7020046209217714,26.809716531777486,0.05106410972144724,46.659407036020994,30.543569952568067,0,LOW
197.85033645894072,19.29342844690214,43.152963445644154,3.826846843829828,22.55809127007818,0.06848691284887257,54.06946181005188,45.450247429547076,0,LOW
155.82315949930333,16.463282329283054,33.1641950409733,3.580237166924579,24.02417212422085,0.0603562205256952,30.507989613681435,37.14691565184184,0,LOW
228.6794284371607,17.90752601278253,52.83264924564131,3.571795581427583,20.794348910866955,0.05359494999552748,39.361881128241144,47.074286340751726,0,LOW
224.50543633364816,17.2989248660715,35.55915647561791,3.5314105198057755,26.483462917437503,0.06708874215056809,39.57112970881489,43.59026893581256,0,LOW
644.5250432009111,60.05945759546231,75.68799787492685,2.880000644638427,36.39068383021668,0.34348999821017717,61.06511114736743,56.09622038352252,1,HIGH
223.16135289883704,20.560485974370128,42.014223946301534,4.024834253570671,29.399192461903,0.049822059278582125,48.56798569841028,38.32171766211284,0,LOW
175.01361413150107,8.05436786006846,39.94091305705299,3.6730340128075962,21.083113790590595,0.06434064717160029,41.057328064765635,41.94439926236824,0,LOW
160.9785238062045,15.981054515389154,28.460871108128867,3.7235332382815947,31.23057567677122,0.07151581673225255,38.22574728755724,36.534799697546376,0,LOW
216.37131343982722,26.929626011426233,27.05625525315324,3.711440114499681,19.386603236711053,0.12027446448286895,46.73173957162156,48.63106937824626,0,LOW
161.65367012043794,18.832793342410504,52.01816534190466,3.8201490818089106,31.26747390970721,0.07599707413967671,51.849868136792516,55.0,0,LOW
594.7896000450212,61.35084261006591,76.64036153747685,3.1776865827529397,28.0,0.35154984995132815,63.503510205753024,62.26560293859064,1,HIGH
203.77897626533826,23.493334462497614,35.300357744595495,3.60073633797364,22.27522587669682,0.02406472210337876,45.62946127591831,48.466901161786204,0,LOW
796.638595556975,100.0,90.85917960417986,1.2409448472764109,58.33723030864792,0.6981885521751922,78.15237588768501,70.48366822920808,2,CRITICAL
463.5995075278032,72.31222209732546,89.67246362529124,2.9808526744696975,39.41874443470283,0.47011411270161546,71.73634497573448,62.60860537167033,1,HIGH
181.91272150252007,21.8236716921385,29.485183189140884,3.2889036710871147,25.828233357021013,0.0,54.22381610968502,34.21956158506175,0,LOW
182.83621587809867,18.690615707616786,35.234376809545374,3.0981070043834142,20.415007103170222,0.09273581241921985,51.82971765276794,44.92322817622041,0,LOW
166.5378283394191,18.394345881811287,31.459174321165676,3.3228441835309286,24.422125965707686,0.0714285510732882,35.4172612569759,42.28942312203742,0,LOW
186.83013027532974,11.70269822238155,34.045766373819525,3.5829617415102955,26.439139762674674,0.09350394520375258,42.882841619606836,46.49103148988325,0,LOW
150.848902645981,8.428267739286571,37.15601434652152,3.8770868131328187,25.850426790708383,0.06436933522103772,41.68509868449031,43.64488526519198,0,LOW
206.24543827882613,19.839633362002807,33.37334978671845,3.0988041621061764,26.51866533657354,0.030707260959760712,30.858617192314398,52.20682350005971,0,LOW
158.40363437372827,22.24533426121142,37.52643438513885,3.458001985917099,21.897601395013417,0.03992584628627808,45.1384239853214,35.460998183415384,0,LOW
207.02513928477507,27.889378181433866,36.842591210751145,3.6026882480592315,22.614640626824876,0.03862696763955677,47.769141577023596,46.41733808343271,0,LOW
147.3324158443535,13.493609524153566,20.0,3.796972753793158,24.41182333192655,0.06860990624262489,43.366220087802084,44.50296337149874,0,LOW
508.98813919543255,70.72771667715634,71.31199642636666,2.7916923418543482,37.937959096751314,0.4348502769759068,74.87722339647708,65.09190550443238,1,HIGH
142.3818651439915,10.706111709332234,39.739164099270106,3.802588324075438,29.156169327387204,0.05776663688926716,46.11355473430284,37.43276888886654,0,LOW
191.72118499567821,24.908030969559807,31.722993584439536,3.393333661895673,22.7722518768145,0.07134456168162283,65.51655106923555,43.23321837729316,0,LOW
218.74372616206458,14.017893887667057,36.350202379204276,2.976832759540739,22.91736809269931,0.035142731478828355,32.5631779275476,38.47863790054452,0,LOW
100.0,15.851951113277094,41.86098466536729,3.7344581237979795,24.501330718714012,0.05553241018046013,38.26907876031542,41.51505605809715,0,LOW
185.34385064027055,21.753549529306042,54.25741795549469,3.4487322373669405,17.969192006044768,0.04428284742971373,46.08116362359591,45.88740517829389,0,LOW
169.5894064617569,25.680270989820766,32.55113779315475,3.010596057559038,23.029174869512016,0.06115186167742217,41.689157347569235,43.97726635606688,0,LOW
881.0954573218646,94.45735513496389,91.56562964673932,1.0595693907162158,51.97274896824032,1.0138859246519998,75.14738053490137,75.99842533988962,2,CRITICAL
209.70425127957782,16.365727791784444,31.55738113521951,2.9087226754792104,27.855204051739555,0.04176232215596533,70.0,44.57087802048847,0,LOW
149.7961396479539,8.030044385459258,27.95141159655288,3.7521162512247748,30.314509510622617,0.08204306595773195,51.0509583015302,43.99070541925669,0,LOW
183.88462297469775,20.57741885835597,50.10823897011829,3.832236391663142,26.43500092782289,0.06784129791940309,35.59982575674913,40.2885691549643,0,LOW
132.35135469856854,10.006316799752105,46.330447062750366,3.829823468740527,30.95182178092343,0.08050466566038796,39.3343594862102,37.21049846358488,0,LOW
125.50843098857109,17.755149565937643,41.82451431203385,3.2862653232121124,15.599124285033724,0.042541939841215536,42.79405629134681,36.34804988474663,0,LOW
178.1426562148009,24.02897137929711,40.71362498155182,3.4227306965890754,25.83757089673817,0.06749329544451209,38.98814594158998,39.38026956579101,0,LOW
179.48436533516983,21.81344606084157,38.73761176061974,3.6716807000752705,28.06776311392653,0.0840619415936386,20.18314959807298,43.08625312360769,0,LOW
226.34985193843994,15.880514399835363,41.245734996084636,3.411477494533324,19.066765123832617,0.04463368786527543,37.14223192030814,40.58959641396964,0,LOW
575.5799922292172,79.41966387416002,87.08428947455164,2.9170718591905533,39.27897915401922,0.39732692705126166,71.84575235523997,59.84727378251331,1,HIGH
177.83157710108074,10.54990698092156,39.74961013067781,3.677788262064336,16.895786985022852,0.0674385975664359,40.81169534777548,39.27873188364033,0,LOW
159.89038800494959,15.904147677402797,50.888223957786195,3.192935420251243,23.88532304526623,0.029265571846228508,47.687807481511214,31.708543638414007,0,LOW
166.68683245286945,24.889643468688085,36.86565738630836,3.9865179854369615,18.18094042021593,0.06518083230457272,42.731443344531435,45.085362046384816,0,LOW
200.17288329650114,22.06093797415837,21.124009327979326,3.8152269380404817,29.532323636448687,0.04257067113147822,42.1999052188331,36.3476839371529,0,LOW
206.4378248387001,14.625252557604373,43.00998693817563,4.043519694816346,21.67292002841765,0.014256293012317782,56.36059860379643,34.851043824368055,0,LOW
867.1103426657287,80.4099130931456,95.42019232459916,1.4538106088594231,54.52259952506601,0.816400289668928,93.51090534421495,77.55183730526196,2,CRITICAL
537.4697031227015,67.02161280806682,77.13514982477807,2.595720786401372,46.57382222426836,0.6,59.38968278695139,61.936422513228166,1,HIGH
190.38817304242494,23.344384557532678,56.68341818939351,3.5592662955192584,24.221641928066134,0.05498785644132355,50.01211360321997,44.13778964110336,0,LOW
245.21925138019063,19.030019034221088,45.07324829781685,3.062163505076021,28.882534023865272,0.05162046555985843,46.708939573351536,44.2006392888429,0,LOW
821.7034764363347,91.6636863604152,83.3830627544958,1.2618919568243425,62.20463720066748,0.5513553391449277,70.0,72.3407238658053,2,CRITICAL
157.45860828574013,14.189373303961924,36.92830387862762,3.5826810313843063,30.676103432856536,0.01295228645748691,43.25784498581011,38.36216193673496,0,LOW
207.3687121177836,13.776073002981196,38.40428880923284,3.2335507796592577,25.53600202770176,0.0878066684110829,37.221059500432325,48.8652925762582,0,LOW
587.5253965183307,77.40772030583895,72.79285902298416,3.1336071788322353,38.034284473818346,0.3027141806909238,75.83105972146336,59.12603676558725,1,HIGH
253.76165534127065,23.782241387829934,35.54283214079466,3.785037412420161,22.51207178396106,0.039112598512312,34.342352823407886,30.199632904028732,0,LOW
201.9129065191674,24.636705299528824,28.642028469738907,3.9143647944546496,24.237954754062365,0.043415044436798944,56.864363114400845,33.022941936291325,0,LOW
237.7629671714881,17.074414352950548,35.522295307179306,3.408521764857299,28.633136165637815,0.09433601716657344,35.624746823990975,44.69245371518418,0,LOW
151.9431597973246,21.217224308150293,53.424376602230545,3.8883059474863684,27.692071970717706,0.03101471785861402,61.10451493313495,35.730952805585545,0,LOW
715.8623048495399,92.59333283857886,94.71670000696014,0.8987175169229747,75.55649100997515,0.9119422582976441,70.0,91.0638452672217,2,CRITICAL
659.2664884673122,56.22677759043269,85.10454599128545,2.941838964334437,40.42733317995725,0.41679409812930845,73.16751481586292,68.83214119673724,1,HIGH
225.73851945851254,26.208900204290295,57.64481950894505,3.5767349215279554,24.90365435760606,0.024993290529414073,57.544844189408465,42.507166718128744,0,LOW
175.79787139537555,18.453404166780146,31.456112675708287,3.4272289086568284,20.562058005724605,0.02718309976274103,40.36319752635748,43.855103997181175,0,LOW
756.4080599973701,84.4799271264937,84.29060697108122,1.9485179266145696,65.93979325337035,0.6920684884297459,120.0,73.63458227808547,2,CRITICAL
452.6807557811921,68.98297167874227,71.71401685961615,2.7904526098955182,43.87269145634115,0.44405358878116014,65.30564226181492,63.35064429155108,1,HIGH
195.78448049795028,7.765209876208537,36.11828567425843,3.169642090952886,24.057937441351935,0.05342265644724496,50.2272424016439,40.1371381785134,0,LOW
143.76386055747827,16.919446743035177,51.42923290289815,3.0204364692686134,29.552038628887217,0.06596573711805383,45.67186527905443,43.28558109693059,0,LOW
704.4401017926004,87.34812425285088,88.5427195992693,1.6406383775980722,79.21198388132493,0.5,80.61410219171155,60.0,2,CRITICAL
164.07666766203778,29.44738952023676,40.768984083805435,3.680261995164167,23.67940685324948,0.04017607510951539,38.386969857307676,45.673930454078864,0,LOW
154.6430534528491,16.213414802500917,30.689572405087688,3.6349970535218508,22.57790853997998,0.0684893240530691,42.82821311376682,37.08524190321195,0,LOW
197.5581472543994,19.362254148774884,40.51707272879026,3.182341068718719,18.907450304637994,0.027690218883472263,31.160854042587104,43.25193223772003,0,LOW
182.42602970485234,18.331522406922343,41.28744497664419,3.838937985437462,27.111949315597812,0.03946514187553221,53.547597795648684,38.460881555739675,0,LOW
165.75593573951764,20.23767620491458,42.25739804607518,3.6894675121884486,17.65666522716345,0.0549335641718772,44.79737606899859,39.248781796918216,0,LOW
158.4123380977262,22.757444000877477,44.42003805962585,3.9971260611645243,20.770960582785186,0.07341556895335484,43.4702070584734,43.73661146638121,0,LOW
123.86613366473796,18.592248082489153,42.21137904437828,3.6931923822928843,24.589738449865102,0.024700842399931797,58.35217737222984,41.305048275005056,0,LOW
178.0565108726843,18.507291152516846,40.25973316228091,3.3155098738552846,25.271886177620246,0.06878323160885307,37.6072233670247,42.44132372978812,0,LOW
228.56320218011493,13.569218418336547,42.98946021218461,3.55148354882398,25.334278758344883,0.04264311764310407,41.012799841052626,46.63825287755053,0,LOW
995.8625215413971,91.51639765978767,94.75446680741885,1.5185589498176135,64.48334252521006,0.9902487711909784,98.51474972191485,81.97482979371387,2,CRITICAL
193.99892696485963,11.279769902957625,33.235766032124545,3.3364236835995222,29.93108564682478,0.09021715675500155,51.08327739577835,38.22543325169838,0,LOW
209.2928237296134,8.330715243280794,34.6466354375258,3.5928149324902976,24.479845455931386,0.07631904030416245,46.45370460170202,37.033983589814966,0,LOW
201.7852493863187,23.970173228711552,47.72234352752172,2.9718988615137443,22.544622799906914,0.01553737489725484,49.80470512692534,44.39172933477686,0,LOW
781.888456411184,99.462986375969,89.01647170022656,1.754944533314875,73.46079477956062,0.7716393432348623,98.66338581755335,68.58781756263684,2,CRITICAL
183.69719581156735,19.14135662231767,55.32207189722881,3.2364942662217397,22.11972488516575,0.06347633974191721,26.275003250559564,43.32216318135667,0,LOW
184.71264596443194,20.469680671442593,39.79560569072356,3.5464833101328597,25.562225648632236,0.06368450209457975,40.043048873571955,52.22716144642136,0,LOW
169.1839050640247,12.837110946892222,55.155944422758935,3.8308858501877707,26.687207692950576,0.05319772762888983,31.131425000660215,50.88591480210299,0,LOW
251.44843859242502,25.228281619682207,34.82158935989689,3.6039151783960173,26.849178460285124,0.01582836213341743,37.58938194244831,40.36841865940672,0,LOW
193.72070488931064,18.61997235546904,34.190502802434,3.3884364518489907,18.998707831222767,0.04343726998855897,27.81611292176777,49.268149154157136,0,LOW
555.2771838780469,65.6925552957398,68.78437618443513,2.9359341385055355,45.42883083610883,0.3145607172307115,73.2544894664706,53.96410111473071,1,HIGH
171.80129304313024,16.743206310776895,44.4794481789951,3.839068781236957,27.55701402771112,0.049106843551444075,47.36196660381547,47.319160413704836,0,LOW
206.3919637283792,20.238838002692912,44.555753540122915,3.6075503204116153,18.634189063437233,0.03706754039880286,59.470746726560144,38.86051743440307,0,LOW
145.6143099720942,28.323076152786328,44.110268928219945,4.145806075117448,15.631194348897393,0.031115612105327754,47.15773450018991,41.175883171642454,0,LOW
180.02955149293817,8.865897236744726,48.48183942665398,3.6621442647988234,27.85159831739759,0.08346765959508289,50.37704068722594,45.5669992820351,0,LOW
784.1570627354423,92.32236221574273,82.0,1.4840649497601655,68.22341083203332,0.7086068800967855,75.21487064729466,74.54093966095415,2,CRITICAL
660.9797959035492,81.14485435945963,66.446670899233,3.0117490529488036,41.503895551967034,0.37019885784156675,59.404478491534746,57.08339546021567,1,HIGH
213.56954014857536,19.637434746698624,30.3900054932734,3.043942137453148,27.291943145176127,0.05802415250154965,49.05263398241288,45.58040728696971,0,LOW
894.4233699956378,87.8876756310316,96.18951703893755,1.429304422495846,56.92688546459782,1.031395542836799,77.68864937614319,76.81269952333231,2,CRITICAL
160.93691675019326,15.615704305051398,53.77655678747978,3.471196306793302,25.271395274847798,0.025779921249500223,58.52613189261076,44.99111981587526,0,LOW
147.74489431033538,13.624573116085372,40.41568744672546,3.65239262528592,27.678304503862147,0.10836066378780458,57.63959532659652,39.43417518292748,0,LOW
530.4607048837132,55.22102985363018,77.7068992763065,2.7383222777299183,31.89987830801457,0.27451616540559837,74.41299395367184,64.47052622271916,1,HIGH
211.34907668809296,25.579307640293717,33.95318055698852,2.8505231627482037,31.909128567616037,0.010925492561701035,49.91238758584456,48.337676080997745,0,LOW
147.11949897692642,10.376317775243184,31.733342218907882,3.6538993329088063,35.0,0.06308056991865017,45.727975611384664,44.90871805310655,0,LOW
875.9969666089901,85.29571547385554,92.7961595447781,1.4310742359778632,54.10490797682728,0.7027111487189516,96.65998598520515,67.16776107006199,2,CRITICAL
190.49389044475444,11.858911174674347,39.00008079029003,3.060025982132201,27.574367744848058,0.07077700706670101,48.33520072713314,44.43072648516367,0,LOW
203.65949841404657,19.435038798426426,22.142112498448036,4.060280582017433,20.517630423853053,0.07241764093627523,57.72964530524593,35.99897400198684,0,LOW
850.0838123219634,87.44782789274844,95.06375528707343,1.2691294874478407,70.30747704523078,0.9010569154847591,101.31495541449753,79.81890702297864,2,CRITICAL
202.20140690409653,14.878551133359013,56.12874515500217,3.5103922449608658,25.448649694749925,0.06333914137664365,48.843598772765965,48.39985113894012,0,LOW
181.9143294131734,20.03281347330512,49.538591209793104,3.1451131207589316,19.53323243130702,0.05921484242026474,25.581124786887106,43.44829033602738,0,LOW
127.24439440982438,22.84905676277751,44.200591737769045,4.098340769401501,24.040083933192896,0.027040043406974044,56.05782341325419,45.02513978152162,0,LOW
595.5169539513838,58.82473403335212,76.62276904873985,2.986041366582163,35.27055536657697,0.3508643992391541,64.8814886972389,59.26542479884184,1,HIGH
167.72063865922271,19.176244148103706,58.171477191944845,2.8,31.040511311070997,0.055890141602991474,45.4115515433113,36.124932643843124,0,LOW
852.4941563865381,86.68311177865554,88.10279485944757,1.2996119677508413,68.23834057309907,0.6777064836801299,115.82206321826588,66.94939814295797,2,CRITICAL
186.78535542939366,9.88107815536704,34.03956314429989,3.2614539791553256,23.39297369452307,0.08562851410446273,45.585946941709416,43.44250286902713,0,LOW
156.14360944063483,15.460788384599617,30.238918424145204,4.043120954084856,22.560344931801403,0.04722808024632533,20.733299133956603,43.35479813787612,0,LOW
137.72679884514028,9.094848756392754,46.56296740243105,3.477222538540962,25.74387459632831,0.04443568412742158,36.814045038213564,32.82669285566741,0,LOW
151.63719647750943,21.377238420221246,51.92909476947113,3.3231033165633432,29.34020916021066,0.06628921956424533,54.89886673247754,47.30264260017089,0,LOW
242.51895165450262,17.771409087323786,46.45686656899298,3.171811001961645,24.15588768064942,0.05325155023316268,50.74925830989894,49.234120364145895,0,LOW
795.428229264276,94.29603093217445,98.0,1.547537990373621,50.0,0.9577568536153368,94.86444848986955,81.14045938880216,2,CRITICAL
196.7762440632709,18.308012388147823,38.49473436733412,3.739715697958308,20.301774639408688,0.0325576075138453,44.91898558959588,40.26446069152789,0,LOW
157.91629924266095,10.679100724824854,48.54812002240156,3.483205888374382,23.730628499170972,0.05378643939764986,47.55817896728828,44.454389793202616,0,LOW
187.5477020874398,19.732107507509063,44.3450944718075,3.5766363696881642,25.513894878257414,0.06404048421531082,44.964994177529896,35.08715238083521,0,LOW
209.10190609102136,14.36016195548986,40.14780175290558,3.814451892317796,26.29121591785347,0.047913970373447676,35.69543179535304,44.77254472375336,0,LOW
477.41348572205845,68.38581208998758,65.24350922950967,2.824468538992199,33.35005852594502,0.3747023808092567,67.84444865594205,70.89606327654556,1,HIGH
205.733290257612,20.663058019006694,35.27744532008291,3.535839689192394,21.48434687282363,0.051310171990361815,34.23432145660287,43.45797974398789,0,LOW
163.03578893582906,26.240652170235204,41.27859552370802,3.42156374737008,21.49179896740259,0.029541426930657606,45.06389858125268,31.386156481246367,0,LOW
155.60187264648903,22.33026183579143,57.46121774672121,3.472229636984016,25.789263967208264,0.06134490000829845,55.08289806267254,52.025265331879126,0,LOW
624.152673339289,60.27650736899002,79.45738195715307,2.702262132924159,32.83751487668109,0.6,61.882624281026644,63.58250456080436,1,HIGH
457.087702353883,51.780402664532666,78.00826780301196,2.7608312898066822,40.01399338211782,0.22583247156642633,67.08669655349908,64.28574714130437,1,HIGH
179.1785788080652,22.04695857413765,61.26620301191118,3.082851169859145,25.876308735921107,0.07636146509694186,48.417474620197545,37.97835250536824,0,LOW
176.03150066984253,16.182677210766332,59.22966992956262,2.988451266434117,19.705229196483597,0.051573741185799105,40.51158000524172,39.540717035949385,0,LOW
175.809135008571,12.81542002781576,51.76018289315863,3.3617501501513543,27.357074117990713,0.06282040377383856,45.775221083171914,43.41416362154203,0,LOW
223.07031124067197,19.32194131190472,60.7301761506576,3.6028483565582485,33.798520229120655,0.061115731350035174,39.558833004232525,41.279545268481215,0,LOW
188.4525047870884,10.830949931305476,42.7177397728958,3.7278220901790258,24.440124734225765,0.03857703268806915,32.22511867566621,40.910812384420765,0,LOW
184.05870079288636,20.679577916194134,40.550121936839275,3.238118558933089,18.821561948358138,0.0450084124693177,35.57292434221972,35.062523256816625,0,LOW
160.28335150815417,28.49303835899547,65.0,3.773465777012147,30.71229779923076,0.06924300361198303,39.11360504939979,34.709719650776584,0,LOW
223.6720376134495,22.904412850523237,56.56203362897362,3.723652018976816,29.245462575965888,0.05460514985595872,48.022881290873265,43.605383668573,0,LOW
923.26456427533,81.736306509672,88.2099719421646,1.2621233975091317,79.38956601099106,0.8979876998759238,91.24598158556452,70.18843230357092,2,CRITICAL
136.1747121884456,15.267613485670962,51.76418087070209,3.243381985911405,27.142867376399774,0.039137007235340915,58.29956965305375,34.9207565614826,0,LOW
160.0198476571176,17.405441910231144,20.0,3.726041953847724,18.583203008188793,0.04498679599260507,36.69995662621062,47.91955027397523,0,LOW
155.39245617117408,29.725328339944948,41.94382502192349,3.591594443683102,24.132113928716574,0.09758418434125887,53.77185045776636,48.060071608304966,0,LOW
185.69567510577386,16.86574764688796,22.9330385173746,3.315785396871451,17.34131866974526,0.04013375566450083,41.58329804762727,38.89503934535766,0,LOW
171.3761607301469,19.601546905491087,38.89511497527596,3.745964013111665,15.883858123134738,0.02557877689340905,30.80213442491915,39.43545306923649,0,LOW
187.3920654904476,21.53283174357738,42.486917521954155,3.5746873045446703,25.905020632882906,0.06211206319541275,45.413605278438496,46.76732990575594,0,LOW
100.0,12.87767417124706,43.02729573092317,3.6875674310018964,29.817677783270277,0.06622885203839032,37.190045210353055,40.031851219353875,0,LOW
896.747842350933,87.64358608720397,87.72047204322543,1.4818091003572118,69.0789274547765,0.6321843077317312,115.66066511675001,71.83276445438268,2,CRITICAL
200.69421899609253,18.948135914798858,43.87855504263318,3.597770849678027,23.517393409103363,0.04841411836947041,55.81157407519301,52.85285352836194,0,LOW
188.6859551220496,10.946914008089928,45.314956978499765,3.4930570469628237,29.49560030625159,0.0736474907074284,40.14873354928243,42.864732810906496,0,LOW
189.67465141721277,15.781311898292666,65.0,3.286038232186786,26.859551994607397,0.041026196692704575,50.3510901642255,31.089832231506648,0,LOW
541.6335611832118,56.73071950155806,81.68705504542764,3.2,32.79861105664308,0.3929674696967964,87.68797131484783,54.322905460490745,1,HIGH
239.95052806863583,8.586684587618342,51.17789323354431,3.712567532822498,29.826830787561303,0.04367947953491526,47.04178515716039,45.782921367924985,0,LOW
203.70010866677995,20.157041676074837,52.90344789520759,3.377466878155084,17.780154847547625,0.06500991546653845,57.09505430563092,52.28412238706511,0,LOW
194.0646127297214,29.3882313824647,65.0,3.709675811399014,27.8130355888943,0.03735277710684769,41.30548544342814,45.10962340690478,0,LOW
190.91119234921547,14.899165589836798,28.72137896155173,3.8087663545162513,24.389406359941646,0.06901508934078215,43.30278926013795,43.27596742403728,0,LOW
189.94761647619126,28.44803693412006,45.09263914590971,3.5301804206449043,30.603227325315935,0.049846091576355805,40.11313178652995,45.685754967260856,0,LOW
152.90954878287948,13.18340601586608,29.792639100100978,3.409459238885663,29.066217888648318,0.0183246609803122,51.576405606009025,45.73099965615962,0,LOW
165.55648672740833,15.000147457565664,35.0202975898435,3.5069372373013823,25.143663844153156,0.0591636726045987,48.36249601170414,39.53624097415035,0,LOW
523.8758197128698,58.17791500027987,66.43025927604559,2.930120075340018,40.031326840439704,0.44573163490567724,59.07061422681585,60.978586498376934,1,HIGH
151.63392051747334,16.082013273762243,40.72372636446669,3.2631617363539167,25.219476078314138,0.05407809046230429,51.40921157935202,44.25457999733551,0,LOW
929.8250791997546,97.72371880586343,91.42196805686488,1.3108582909920043,71.82378360377551,1.1551919024113124,77.55172111306526,67.70912909345738,2,CRITICAL
192.0702444504825,18.331584621282868,42.17387164722414,3.5306223116304616,20.37198998965666,0.060072888690892494,42.060109117272866,44.28212043566055,0,LOW
185.80077958421936,15.845301541457829,35.65594375327198,3.6551065813399592,31.091128067484775,0.016882202878651976,52.20463327083283,40.06359888059257,0,LOW
206.33908393224857,23.11128836900313,51.87625029078521,3.7592851377689387,22.10177817122458,0.04503258348372117,39.95767800682492,37.67240924614906,0,LOW
203.66151508027818,14.130532012113923,55.010340871469836,3.404987767219699,25.966127531571964,0.07275687314103747,48.308475734780366,43.252617713460886,0,LOW
187.87451345568792,19.759796135832282,53.54139333419231,3.1847451295107705,29.7489883592139,0.05890015621772034,30.719459394496866,39.72580242183114,0,LOW
223.14368854139818,14.241357358749404,50.92206283223018,3.8427770748282546,25.086935246999396,0.04785499650230922,42.47950006505444,43.127143009509396,0,LOW
214.03281673849747,18.860904972522068,47.703294219694406,3.260666570027047,30.292880537008365,0.011392287052864915,52.38864835106537,36.57822946934441,0,LOW
223.36486120776294,12.032377813678035,54.2151751311756,3.794282922437713,29.526340127557038,0.05490395902636704,28.431436039183204,45.998943156178655,0,LOW
163.39558010482892,19.43163492712241,38.55434969328168,3.266048637604646,33.24435955047044,0.08738572589279728,43.875396288510046,47.1164073549627,0,LOW
172.85683699478878,13.006233572562493,35.329921524636035,3.541915987097413,19.990237259556352,0.06982454511838371,48.333907162565595,45.16443442359161,0,LOW
168.28505134272206,17.717375634633477,35.031903676525275,3.5423751891513957,22.417185940023813,0.03179642211743659,43.94335838960257,40.92942551365846,0,LOW
182.81401025871733,10.651858226396984,41.22270272944059,3.2541182508742685,28.56626672343357,0.02919780881024465,44.41714216829658,51.749992645546406,0,LOW
190.08305217778278,17.63031419335878,20.0,3.4681208917733306,24.040814545616655,0.0372707169364723,49.56818646929745,45.122517057733724,0,LOW
141.8909472282018,14.042175475233211,58.325458416873516,2.99764592010535,25.275232858524127,0.03940692078424721,34.59374108116233,35.25470150521535,0,LOW
875.29506191456,84.68728984022405,85.92978561734826,1.7577563492317765,82.89440124760227,0.6221605375474535,70.0,87.11516190702056,2,CRITICAL
163.3218753909339,21.94136639378787,45.5909043312933,3.7579402845583534,29.319186906438397,0.0773080077755757,35.119805042685854,39.43572569474143,0,LOW
151.39984690217247,24.71351245151282,33.84204151999902,3.3463310386123646,26.479948271517618,0.06878118169001843,58.762551474586374,39.7508100127878,0,LOW
193.24744388188122,16.681419380281117,40.750298098026846,3.595102338304673,28.444746223679225,0.045879878523770956,43.70933756860868,36.790809658263875,0,LOW
229.52365733284384,15.246235470142828,52.540158977401234,3.670480490580635,29.3809129275174,0.0636152003152893,46.474495531597924,35.993557025841035,0,LOW
182.48332380955463,14.833848732934989,42.40614850916037,3.853073888997563,29.070187294348205,0.04344800817894738,51.31140963849744,35.503539334835494,0,LOW
557.9253483802505,75.35334858686063,80.21064300238409,3.123769026318484,37.16650447784258,0.33668008223457574,50.0,60.15522936548052,1,HIGH
491.3333222013816,67.64500809832266,60.87477144156397,2.846958705096526,46.28284220755904,0.3160263642718034,63.59427606313705,56.645707315787774,1,HIGH
164.659589789305,23.92887945232864,42.52386570210986,3.849223228776502,15.124461744181415,0.042852919540848064,29.13707101766873,47.535268961474145,0,LOW
179.96181601518,22.669396298132455,43.03937755563993,3.2465994289580604,34.63050391813293,0.056046631313940706,47.49424591156072,43.70361152343057,0,LOW
136.73051140311588,15.774584128689208,50.678672579142024,3.1731662880303695,21.12442216150598,0.0555271442234991,36.82288915470258,45.35579703062494,0,LOW
189.4635384541766,18.274138477446403,48.338803276178,3.320595308908526,25.66112064792749,0.06635012332297213,39.30546892055083,50.746668303000874,0,LOW
168.24806978894614,16.741814233163392,38.38780957067172,3.5351776812533755,24.67190255117116,0.050368126824474446,48.73204537072965,38.88392924712344,0,LOW
942.9009750577294,84.31048603157977,88.79451341599955,1.39440683648845,74.19857930974956,0.720138337164387,109.13806443126661,85.52445870052253,2,CRITICAL
912.027625824972,84.5895025036004,93.66251423920853,1.3895888065639075,50.0,1.0697194732887991,95.24201736261674,66.98834213271716,2,CRITICAL
223.5722178544386,11.546453031968532,45.862176641951535,3.884907990239752,23.47566577562241,0.012010573999572595,47.71944863157563,43.33644515228153,0,LOW
168.98996343819547,22.78739507751174,50.70287957614447,3.4228148292824616,27.95615342162677,0.04822829509379489,38.17067803077711,45.22319161883,0,LOW
172.0048703055536,6.256795284169776,33.45169010398725,3.843595358845713,25.497127154207035,0.011918597557438154,53.08957909667106,46.31270844581056,0,LOW
164.8294167487567,19.134275497594498,44.159910412151596,3.2650968447816195,29.24484983429637,0.056744730195008974,57.56499171493878,40.942292832755726,0,LOW
676.4612903592596,57.83798393805295,71.70270572453016,3.0802222865083833,41.13392907153941,0.306883331354733,57.34188485976242,55.72153478796111,1,HIGH
170.95646820240492,18.29590618863827,44.20397870774368,3.833673481609643,25.675636638109534,0.019183814525055822,48.976898235093515,52.37066437948088,0,LOW
788.6643566019114,96.81228352072463,89.17482746562247,1.9475711543361431,71.97912538386846,0.645955186137843,111.25167610448739,79.23232812093435,2,CRITICAL
187.81944952140122,14.127916049497482,37.64854839899548,3.455217337194083,25.802539372058146,0.06923917233105722,39.32901897851483,39.93590403237918,0,LOW
172.88401090752146,14.419604387407647,58.39231320002696,3.686998863240486,22.469540635167146,0.07070992458081689,34.882798065398596,53.04110939209404,0,LOW
162.54423523968836,23.689172558540733,55.53277417386799,3.7033078798092016,20.21048205158307,0.05180102998546717,44.771748788712074,37.86153476433966,0,LOW
190.06381297702995,7.233571515576509,36.49881710288647,3.7614386212040114,28.205199635783103,0.006163129051510438,55.59282445610203,42.145092729967914,0,LOW
189.05221253304336,18.506842127539073,49.732124072496646,2.9473824959244777,20.343378412937433,0.022268704438436683,39.782540624515775,39.195126432369996,0,LOW
199.33203619768167,14.354298497130667,65.0,3.9341456913743476,22.87062609500829,0.029567871183706712,49.92374612912791,40.3946451801295,0,LOW
191.3442676026346,18.310837650097913,50.45744549150211,3.497972981709446,23.152619072572893,0.028038105677659183,41.071845840193475,48.57399417666203,0,LOW
172.67140385684527,19.74931452304845,44.24513859421774,3.275856237750465,23.847109290640294,0.07710764078967544,34.16758506716532,50.205750524205556,0,LOW
161.95710905139958,16.545564753482406,41.38779848770799,3.3433332816463013,32.21524253581593,0.015748726668957158,46.22194267550137,36.93259983516655,0,LOW
209.37419176649198,23.87165601258889,51.93400076917466,3.3261359916789055,22.015346424809646,0.06426130586734846,52.79280484846084,42.37350135345874,0,LOW
204.56496348758225,13.16492860103541,46.974918271671775,3.386120375459796,28.360006235059647,0.017778542351794678,54.43747915432574,45.883969890737255,0,LOW
195.9500411415202,22.8234761578545,51.62931227682346,3.6593747886517303,26.391969790215896,0.10253190827085872,39.84173049740251,40.54678792382569,0,LOW
527.2156086095082,66.56629050817159,70.07015253992118,2.7182071037022513,40.76057385108626,0.23603659272597644,73.40224978556813,61.887896498933955,1,HIGH
148.95316991988486,19.42461821704397,26.836096484119743,3.5878361578637215,15.0,0.01595966684260494,44.37542784658671,48.62917475320595,0,LOW
195.84031841606986,23.325255501909744,32.69373987603672,3.1847102689094102,22.182562736994637,0.050315896783734736,44.40514617303917,41.84998088477539,0,LOW
125.56175116581575,15.042959319605442,43.657984593228974,3.6124374069895615,20.297029475644756,0.05907904124805757,54.926450556307266,33.57115506197364,0,LOW
488.2858649031034,45.0,70.76461135333467,2.4906996683971503,35.29699482451071,0.5109826954351674,67.73462436185314,50.12491410240532,1,HIGH
126.96573601788708,18.320196347722646,46.40864049700348,3.384652934948281,25.71299509087243,0.02261060704583836,46.91472775886617,42.24254979900897,0,LOW
218.32813085975693,6.769932607698411,38.2869525364885,3.617362219244752,26.978539661070513,0.10146458950553039,51.563658966486145,43.38534162526384,0,LOW
202.92749243210696,21.07108710316182,37.77892531042628,3.491540524684879,31.633060726276707,0.06846981681386234,49.01649215749313,35.597661718773125,0,LOW
172.29472871209543,12.056292211839466,46.5108421216437,3.129279448586541,28.66926611024375,0.08195488171690028,44.46586816504265,37.96218258825405,0,LOW
191.23073346517586,10.942694609693657,36.78760460301278,3.4781095149372274,25.01865078441645,0.07701446928691223,45.88083329106059,38.14164424679856,0,LOW
199.97348821049923,9.891256938489107,42.449534639774356,3.599663814262454,25.441141434031174,0.0421333387478002,44.26809194276554,45.759712614933754,0,LOW
169.24164913985575,27.795166606471128,44.59903142484031,3.6661403574345433,22.01114634803711,0.05968451517434006,65.56703748539431,47.585461646875906,0,LOW
167.6677929181595,21.738341326031097,46.9984198530155,3.6659402416697158,20.142602375424186,0.04761140820875326,37.69848717226821,35.43946672431919,0,LOW
210.38274747301477,14.927093834161578,21.675857462095586,3.0565585743056074,30.436375758405745,0.061030190619413775,48.58526242323096,50.2613879285463,0,LOW
203.23553473234696,23.30460082357942,34.30838773270381,3.448284672077538,25.62313821537703,0.044838420062232,43.11020484382488,46.885133476937696,0,LOW
127.2292758781471,18.561838327504255,36.86215372669999,3.7449083163950827,20.446684799227665,0.06581551061461713,49.66328037327232,42.01103692266293,0,LOW
223.59847163128572,18.600594988060653,31.163884785497444,3.2276489837579767,30.433200205190968,0.0451459303493631,34.513219197138596,36.660120493207195,0,LOW
916.7835592793979,84.89537597173147,90.08917276051709,1.269926173877249,50.70331201702219,0.9412927708725476,87.83406525589271,88.05753443164414,2,CRITICAL
487.60120635712747,57.02786808889476,60.0,2.379925927211754,33.61797279901123,0.3931957680901048,51.51142569191212,57.91410002663496,1,HIGH
150.21625733499383,16.499821040062887,55.14885890083837,3.6293545573425128,20.916708043504975,0.04947518556508441,53.218410458203905,44.38129841355935,0,LOW
204.81263236475334,19.902130600528906,43.404689863347095,3.5466773622946772,19.179963602504806,0.03244118371508133,46.25988866200122,42.05393814960325,0,LOW
179.18551462829856,19.139910284634315,51.88151413242328,3.639835298524756,20.880016616357466,0.023983860237570417,44.338273361573584,30.835021477391617,0,LOW
175.92913949538158,15.003832102339977,59.151917855828245,3.5103907208812246,25.51905147686237,0.02401455498630904,48.822157294964356,39.023178374226774,0,LOW
147.4934556266645,28.48535525080521,40.27653575948524,3.0601614363443868,27.175110920736696,0.03612304317668815,49.96895772493717,42.67201035893058,0,LOW
972.9405611966846,87.2066032900899,94.3406552522066,1.9397875927223112,63.11782083782452,0.7648539951876555,79.50509484686798,80.4654475557314,2,CRITICAL
239.20340022528444,14.239008613013539,51.431115895411146,3.760170170582509,27.086817386171095,0.047479533100974226,41.63230159238681,44.194284366628246,0,LOW
172.94403535014925,11.73774992080356,41.166119693619024,3.2764560342105846,23.158177879234437,0.08527690679263286,45.02126812501972,46.47998632519452,0,LOW
176.723461423678,15.150335654399681,39.1551012629576,3.166075132349192,22.290717240164387,0.06628759903689266,42.290031994656246,48.94558898582501,0,LOW
176.69536853228533,17.73946447590458,48.960354977990534,3.2178204040799105,17.928881114976274,0.04010046006350351,42.40031413032025,43.70012561599639,0,LOW
127.63555367330633,19.512422692885906,28.091147440759006,3.7709860354122573,20.470351088409583,0.025597739981760237,46.57927518371738,42.80242633936721,0,LOW
136.23291339364727,16.967688591672836,50.332112187755456,3.068063875230212,25.84916243926067,0.05052094642779438,49.69276427291893,41.898246055248265,0,LOW
141.4779652530752,14.72149056584042,40.264089326832,3.499928089195975,17.68208072899391,0.07214398767836364,42.62294493227587,41.96606394169127,0,LOW
128.53143007203585,10.500899617144809,24.49671544150787,3.561791408746041,28.09706087242207,0.05043832634938155,49.436189135716916,38.03424659450189,0,LOW
142.1783456702065,15.13298313248948,39.83179415767702,3.2603958752385553,22.37498815129622,0.015322102645804102,37.15659438978405,40.17503355146048,0,LOW
198.41621176444573,10.047879426470804,49.68530842112176,3.131356721116628,31.9295405190543,0.08534805881481261,41.547704843781744,40.02886328183358,0,LOW
216.64344506166378,18.006912652474234,47.40524203765524,2.8668848107357983,23.50199859464212,0.07035344042098422,42.62257917379167,42.89064852869378,0,LOW
411.6556321469361,55.77399329224127,64.67108285275796,2.882196494204986,38.661669906007866,0.43974975989724696,62.30235624199642,62.69218605256267,1,HIGH
146.90980590816613,15.901614633989992,41.55633312806416,3.4841536369959947,16.143832059209586,0.05362949070254813,36.221634386621,38.94876223016541,0,LOW
168.87318281067735,27.613415224944006,61.73275973655029,3.949787937848047,24.82428792837221,0.06446999292049399,41.03741416240354,45.57765314542268,0,LOW
171.6854101382079,14.618548899596398,41.26028430487021,4.04856283428734,20.264401821396408,0.03276878817313188,52.070069061308345,32.90331318741545,0,LOW
175.17532804145185,13.961703540229234,32.97027567105152,3.427905124986923,29.44277788317296,0.03583302512619245,57.26273070768358,54.29025646738002,0,LOW
567.5102648544673,60.34912313464617,90.0,2.885575041942138,30.44805295757478,0.24616235091822053,63.33284080384281,62.80180105790364,1,HIGH
767.6625631216313,89.80434992145415,94.76764017845018,2.1236372342069805,56.567156876464516,0.7932582038652811,112.76193317645425,71.36900290997146,2,CRITICAL
